time,timemax,Amax,beta0,beta1,beta2,beta3,beta4,beta5,a0,Ls,alpha,C
2016-05-01,2016-05-01 22:49:00,-17.5170,1023.4640,1.2810,59.4620,25.5830,83.1750,44.4210,13.2348,141013.7572,-0.0090,1.5329
2016-05-02,2016-05-02 17:26:00,-16.5630,1023.4890,1.2810,59.4310,27.5490,84.9060,47.7350,13.2975,143267.6647,-0.0087,1.5246
2016-05-03,2016-05-03 20:50:00,19.5840,1023.4890,1.2810,59.8000,26.6360,84.8890,50.6880,15.8858,116052.2453,-0.0089,1.5188
2016-05-04,2016-05-04 23:28:00,25.7260,1023.5050,1.2830,59.8140,27.8610,86.7980,53.9980,17.0912,109527.4289,-0.0087,1.5119
2016-05-05,2016-05-05 18:50:00,-26.8790,1023.5280,1.2820,60.2980,29.4660,86.8360,56.1510,17.3610,108830.8088,-0.0086,1.5088
2016-05-06,2016-05-06 12:55:00,30.6510,1023.5370,1.2820,60.1450,32.2750,87.4000,55.8060,18.5668,106472.5426,-0.0082,1.5095
2016-05-07,2016-05-07 01:15:00,30.7560,1023.5370,1.2810,56.1840,34.2780,90.6930,55.1700,18.9987,106502.9527,-0.0078,1.4900
2016-05-08,2016-05-08 14:38:00,31.6980,1023.5580,1.2810,55.1870,34.4250,90.1250,55.7620,18.7276,105274.8456,-0.0079,1.4829
2016-05-09,2016-05-09 02:06:00,29.3540,1023.5750,1.2810,56.6110,36.4030,87.7190,57.9500,18.3014,106632.3069,-0.0080,1.4853
2016-05-10,2016-05-10 03:01:00,30.9990,1023.5800,1.2810,59.7860,38.9570,86.4530,56.7260,19.6543,106385.4525,-0.0077,1.5066
2016-05-11,2016-05-11 02:49:00,29.8330,1023.5900,1.2820,66.1520,46.1900,83.4400,56.3710,22.1213,109929.5023,-0.0070,1.5414
2016-05-12,2016-05-12 03:31:00,32.3210,1023.5980,1.2800,71.9380,52.6260,82.5580,55.1050,25.2002,115579.6897,-0.0060,1.5695
2016-05-13,2016-05-13 11:20:00,-30.3450,1023.5910,1.2800,74.1300,56.6860,80.7420,54.6170,24.1483,128861.8598,-0.0057,1.5791
2016-05-14,2016-05-14 00:15:00,-26.8120,1023.5850,1.2810,71.8450,57.5410,81.4700,52.0910,21.3341,145027.5052,-0.0057,1.5773
2016-05-15,2016-05-15 05:14:00,22.9300,1023.5980,1.2800,70.5360,59.0310,82.1620,51.8840,18.3754,168660.6152,-0.0057,1.5719
2016-05-16,2016-05-16 18:11:00,22.0190,1023.5860,1.2790,69.7070,56.4000,83.8150,51.1140,17.6436,173795.0724,-0.0057,1.5703
2016-05-17,2016-05-17 13:54:00,-23.7790,1023.5890,1.2800,69.8810,53.8640,84.1990,51.3910,19.0559,157726.7488,-0.0058,1.5709
2016-05-18,2016-05-18 16:43:00,-20.5820,1023.6000,1.2810,68.9670,51.8490,83.8200,50.7880,16.5072,174496.7987,-0.0061,1.5692
2016-05-19,2016-05-19 14:34:00,-22.4100,1023.5970,1.2810,69.0620,52.9240,82.8330,50.6950,17.9931,159732.0616,-0.0061,1.5699
2016-05-20,2016-05-20 22:52:00,18.6990,1023.6020,1.2800,68.7760,52.5340,82.7550,48.7440,14.9997,192411.6821,-0.0061,1.5734
2016-05-21,2016-05-21 23:22:00,19.7690,1023.6130,1.2800,69.6410,53.1790,81.9500,50.2640,15.8414,181879.7682,-0.0061,1.5729
2016-05-22,2016-05-22 00:07:00,17.7990,1023.6150,1.2810,70.2340,51.3970,81.7220,51.6680,14.3763,195904.3013,-0.0062,1.5722
2016-05-23,2016-05-23 03:31:00,-19.4280,1023.6180,1.2810,68.8040,48.7370,83.2550,51.6500,15.6433,174129.4273,-0.0064,1.5660
2016-05-24,2016-05-24 05:24:00,-16.7800,1023.6260,1.2800,68.0730,45.9930,85.2900,51.2790,13.5849,198421.4063,-0.0064,1.5629
2016-05-25,2016-05-25 05:41:00,-17.4040,1023.6170,1.2810,68.3180,47.0520,83.7440,52.7500,14.1033,187353.5947,-0.0066,1.5608
2016-05-26,2016-05-26 05:21:00,-15.1270,1023.6150,1.2800,68.8390,45.1310,82.9290,51.6840,12.3134,210844.1556,-0.0067,1.5653
2016-05-27,2016-05-27 07:04:00,-17.1440,1023.6090,1.2790,68.8710,43.9460,81.8480,49.9950,13.8778,183941.0034,-0.0069,1.5694
2016-05-28,2016-05-28 08:39:00,-20.3020,1023.5940,1.2800,68.6940,45.2450,80.8370,49.9140,16.3337,155783.2315,-0.0069,1.5694
2016-05-29,2016-05-29 09:27:00,-16.1580,1023.5980,1.2800,68.6730,45.9840,79.6910,49.6970,13.1203,192272.2090,-0.0070,1.5698
2016-05-30,2016-05-30 17:22:00,13.5790,1023.6130,1.2790,70.3330,44.0130,80.2430,49.3230,11.0832,232370.0384,-0.0069,1.5780
2016-05-31,2016-05-31 19:50:00,16.7590,1023.6070,1.2790,70.0480,41.3010,82.4470,48.0150,13.5510,191642.7278,-0.0068,1.5801
2016-06-01,2016-06-01 12:21:00,-19.2310,1023.6100,1.2790,69.8790,39.6950,83.9170,47.7450,15.4523,168525.8483,-0.0068,1.5798
2016-06-02,2016-06-02 22:44:00,20.4440,1023.6090,1.2790,68.8520,41.2850,84.2670,48.3370,16.4040,158894.8139,-0.0068,1.5734
2016-06-03,2016-06-03 14:46:00,-25.4820,1023.6130,1.2810,67.2210,44.3630,85.6440,49.1670,20.3963,130791.5671,-0.0065,1.5651
2016-06-04,2016-06-04 03:52:00,-25.7080,1023.6110,1.2800,65.2190,42.4600,88.5590,48.5600,20.5534,129079.6781,-0.0065,1.5562
2016-06-05,2016-06-05 00:06:00,30.1590,1023.5990,1.2800,63.5150,41.2440,89.4240,50.1860,22.9341,110444.1840,-0.0067,1.5434
2016-06-06,2016-06-06 05:18:00,-28.1400,1023.5940,1.2800,61.7080,41.1910,90.3360,49.5450,22.2135,112894.1848,-0.0067,1.5364
2016-06-07,2016-06-07 16:12:00,-27.1450,1023.6140,1.2800,62.7810,42.0360,89.6420,52.2690,21.8009,114024.0811,-0.0067,1.5345
2016-06-08,2016-06-08 00:34:00,25.7860,1023.6270,1.2780,64.2130,43.1930,87.8910,54.4020,20.7718,118562.2597,-0.0068,1.5348
2016-06-09,2016-06-09 01:59:00,23.7280,1023.6040,1.2790,64.9540,46.0540,86.7660,55.7850,19.1764,130871.2366,-0.0067,1.5358
2016-06-10,2016-06-10 14:59:00,25.7590,1023.5960,1.2780,66.9230,50.9510,86.7860,56.1110,20.7160,132732.8356,-0.0062,1.5441
2016-06-11,2016-06-11 15:49:00,25.2490,1023.5920,1.2800,70.2650,57.9290,85.9060,57.2660,20.2786,153370.9624,-0.0055,1.5564
2016-06-12,2016-06-12 18:00:00,29.1520,1023.5670,1.2790,72.1110,66.0970,85.1840,55.5690,23.0973,153564.1165,-0.0049,1.5667
2016-06-13,2016-06-13 09:38:00,-25.7090,1023.5430,1.2790,76.1670,70.0850,83.2740,54.7150,20.4440,193200.5805,-0.0045,1.5823
2016-06-14,2016-06-14 18:43:00,21.2440,1023.5300,1.2790,78.2500,71.8920,80.3710,52.4730,16.9083,241004.7792,-0.0044,1.5947
2016-06-15,2016-06-15 11:02:00,-20.6970,1023.5220,1.2790,78.9520,78.1360,76.8590,49.8980,16.5853,251746.0786,-0.0044,1.6010
2016-06-16,2016-06-16 11:23:00,-17.4560,1023.5440,1.2770,81.9910,75.8000,72.8530,51.4530,14.1612,283808.1474,-0.0046,1.6055
2016-06-17,2016-06-17 12:36:00,-24.1960,1023.5510,1.2790,81.9690,70.5340,72.9980,53.2200,19.3094,196317.8803,-0.0048,1.6050
2016-06-18,2016-06-18 02:13:00,-22.4800,1023.5430,1.2780,78.2920,70.3030,73.3080,51.7810,17.9642,195486.9824,-0.0052,1.5954
2016-06-19,2016-06-19 14:11:00,-23.7330,1023.5310,1.2780,73.8040,74.2980,73.2610,49.7130,18.9389,174311.9991,-0.0054,1.5829
2016-06-20,2016-06-20 21:35:00,21.6520,1023.4990,1.2790,71.8620,78.5580,72.8320,47.4830,17.2621,189076.7718,-0.0054,1.5809
2016-06-21,2016-06-21 03:43:00,-25.8630,1023.4810,1.2790,72.0440,81.8710,72.0510,46.4040,20.4837,161937.4301,-0.0054,1.5829
2016-06-22,2016-06-22 18:21:00,-27.3410,1023.4800,1.2780,70.3080,83.9090,73.8480,44.8460,21.4761,156674.8592,-0.0053,1.5812
2016-06-23,2016-06-23 06:28:00,-25.3870,1023.4670,1.2800,68.8890,85.7970,75.0600,43.0820,20.0000,170039.2374,-0.0052,1.5830
2016-06-24,2016-06-24 07:38:00,-33.3930,1023.4790,1.2800,69.4190,85.2000,74.4570,43.0950,25.7319,131710.8960,-0.0053,1.5846
2016-06-25,2016-06-25 08:05:00,-21.8050,1023.4650,1.2790,69.0320,84.3410,74.3290,45.4090,17.3535,189871.4226,-0.0054,1.5757
2016-06-26,2016-06-26 15:35:00,19.3980,1023.4740,1.2780,70.5770,82.4520,75.0360,48.3030,15.6476,216387.9065,-0.0052,1.5734
2016-06-27,2016-06-27 09:10:00,-27.4690,1023.4880,1.2780,71.9670,82.7700,75.8700,49.0430,21.5978,164893.1638,-0.0050,1.5767
2016-06-28,2016-06-28 16:38:00,19.6890,1023.4790,1.2780,74.1240,88.4900,75.6420,48.8230,15.8276,246728.1291,-0.0046,1.5824
2016-06-29,2016-06-29 11:13:00,-22.7530,1023.4640,1.2780,75.2890,95.3100,74.9620,46.5630,18.0040,233230.7477,-0.0043,1.5892
2016-06-30,2016-06-30 11:08:00,-24.6730,1023.4530,1.2790,74.3130,99.6450,74.9690,44.5980,19.4492,217638.2177,-0.0043,1.5905
2016-07-01,2016-07-01 20:26:00,26.6790,1023.4650,1.2790,73.4920,104.9310,76.0130,43.9080,20.8422,210243.7596,-0.0041,1.5883
2016-07-02,2016-07-02 21:49:00,27.9420,1023.4660,1.2790,73.6790,108.5220,76.2580,42.1930,21.6033,210709.9802,-0.0040,1.5924
2016-07-03,2016-07-03 22:03:00,25.6370,1023.4680,1.2790,75.0480,109.9500,75.7740,41.3240,20.0000,236971.9598,-0.0038,1.5978
2016-07-04,2016-07-04 03:59:00,-28.8630,1023.4670,1.2800,73.4150,111.5610,74.5690,41.3600,22.3650,196329.1519,-0.0041,1.5917
2016-07-05,2016-07-05 17:30:00,-29.1580,1023.4710,1.2800,72.9730,110.4660,74.3240,40.7610,22.5779,190117.1078,-0.0042,1.5926
2016-07-06,2016-07-06 04:37:00,-29.6940,1023.4760,1.2790,73.0800,111.0660,74.3560,39.5150,22.9227,189289.6902,-0.0042,1.5958
2016-07-07,2016-07-07 06:03:00,-31.0170,1023.4680,1.2800,72.6400,118.1750,75.4730,37.1790,23.7811,192791.1650,-0.0040,1.5997
2016-07-08,2016-07-08 07:37:00,-34.2420,1023.4620,1.2800,73.0100,120.9750,75.1100,35.6690,25.7193,181278.7634,-0.0039,1.6035
2016-07-09,2016-07-09 07:42:00,-43.6050,1023.4560,1.2790,71.9320,119.6880,74.1550,36.6510,31.3465,138623.9971,-0.0042,1.5965
2016-07-10,2016-07-10 08:34:00,-38.9000,1023.4450,1.2800,71.5500,119.0860,71.3420,36.5150,28.8869,137429.8940,-0.0046,1.5933
2016-07-11,2016-07-11 09:34:00,-27.0590,1023.4220,1.2820,70.6510,120.8270,69.0720,34.9640,21.1851,173436.3654,-0.0049,1.5925
2016-07-12,2016-07-12 08:47:00,-26.1130,1023.4130,1.2810,69.1160,125.0250,67.5840,34.1560,20.6467,165883.6311,-0.0052,1.5846
2016-07-13,2016-07-13 00:49:00,21.6380,1023.4160,1.2810,69.8500,130.6360,70.0980,32.8640,17.3134,218810.5116,-0.0048,1.5919
2016-07-14,2016-07-14 18:45:00,16.2370,1023.4260,1.2810,73.7440,137.7490,71.9830,33.3590,13.1872,348375.2454,-0.0040,1.6003
2016-07-15,2016-07-15 11:26:00,-16.2060,1023.4270,1.2800,73.2160,147.2120,75.2400,32.6330,13.1164,390635.2020,-0.0036,1.5991
2016-07-16,2016-07-16 23:59:00,-19.1270,1023.4400,1.2800,71.1210,149.4180,76.7470,31.7860,15.2797,329180.1735,-0.0036,1.5971
2016-07-17,2016-07-17 00:04:00,-20.9630,1023.4680,1.2800,70.1520,143.0240,75.0980,32.5430,16.6866,272273.1332,-0.0040,1.5935
2016-07-18,2016-07-18 14:22:00,-21.3090,1023.4990,1.2800,67.1860,136.7770,76.1070,34.9710,16.9966,245788.2308,-0.0043,1.5823
2016-07-19,2016-07-19 20:45:00,23.2860,1023.5340,1.2800,65.8760,132.8070,77.8510,38.3110,18.3933,225617.0086,-0.0042,1.5724
2016-07-20,2016-07-20 04:22:00,-23.4810,1023.5500,1.2800,66.1240,131.0810,76.4160,40.1470,18.6057,214415.2058,-0.0044,1.5663
2016-07-21,2016-07-21 03:27:00,-24.8170,1023.5580,1.2790,64.6820,128.7560,76.1540,40.5410,19.6574,191814.8221,-0.0046,1.5607
2016-07-22,2016-07-22 06:02:00,-22.7750,1023.5430,1.2790,61.0200,123.6980,75.3760,45.3220,18.2456,180149.7793,-0.0051,1.5351
2016-07-23,2016-07-23 06:14:00,-27.2710,1023.5430,1.2800,58.8640,117.4670,75.5860,53.4450,21.8031,140227.4753,-0.0053,1.5064
2016-07-24,2016-07-24 06:10:00,-36.4130,1023.5470,1.2790,55.4560,112.5240,77.0590,62.7550,26.4030,107943.3841,-0.0054,1.4704
2016-07-25,2016-07-25 06:58:00,-33.6950,1023.6000,1.2790,52.3850,111.8150,82.7230,69.5020,25.9009,113504.7729,-0.0051,1.4492
2016-07-26,2016-07-26 07:27:00,-26.2580,1023.6170,1.2780,54.0380,112.2950,83.2500,69.8420,21.2074,145089.3328,-0.0049,1.4543
2016-07-27,2016-07-27 13:25:00,27.8950,1023.5930,1.2790,59.0400,111.8990,79.7650,62.0310,22.3479,144840.7634,-0.0049,1.4894
2016-07-28,2016-07-28 08:39:00,-31.7080,1023.5500,1.2790,63.6370,125.7000,75.2440,50.4440,24.8258,141817.1082,-0.0047,1.5274
2016-07-29,2016-07-29 09:03:00,-28.6350,1023.5510,1.2800,62.9620,133.2580,74.2250,45.8360,22.6241,153114.8262,-0.0048,1.5346
2016-07-30,2016-07-30 10:37:00,-27.7080,1023.5350,1.2800,60.8700,128.5260,70.6400,43.9280,22.0910,135152.6463,-0.0056,1.5290
2016-07-31,2016-07-31 10:19:00,-30.9410,1023.5200,1.2810,56.2940,121.3510,67.7460,45.0300,22.9958,107733.9232,-0.0065,1.5056
2016-08-01,2016-08-01 12:12:00,-27.7500,1023.5360,1.2800,48.2590,108.0430,69.4580,54.0460,19.7307,105983.1008,-0.0072,1.4515
2016-08-02,2016-08-02 20:24:00,27.0270,1023.5900,1.2780,48.0920,103.7600,75.5000,61.9790,20.9110,109473.1540,-0.0065,1.4407
2016-08-03,2016-08-03 09:13:00,30.0700,1023.6300,1.2790,53.5600,119.6580,81.4360,58.2660,24.0640,127284.3751,-0.0051,1.4815
2016-08-04,2016-08-04 22:02:00,22.4780,1023.6270,1.2780,54.8890,129.2000,83.9070,53.7960,18.0694,191361.7153,-0.0046,1.4999
2016-08-05,2016-08-05 05:34:00,-24.3340,1023.6180,1.2780,56.5810,135.8530,83.7250,49.0960,19.4258,189847.1396,-0.0044,1.5170
2016-08-06,2016-08-06 06:02:00,-29.9060,1023.6010,1.2780,58.6410,141.8520,81.8340,40.4720,23.3475,162954.1533,-0.0045,1.5448
2016-08-07,2016-08-07 07:14:00,-32.6240,1023.5920,1.2790,59.0060,141.8330,81.1930,35.6440,25.0096,151666.3892,-0.0046,1.5607
2016-08-08,2016-08-08 07:58:00,-38.5310,1023.5900,1.2790,60.3670,142.4560,80.3730,35.0530,28.6561,135030.0886,-0.0045,1.5651
2016-08-09,2016-08-09 08:57:00,-29.4260,1023.5950,1.2790,62.6730,141.0200,79.8070,36.7150,22.8202,178178.0077,-0.0043,1.5664
2016-08-10,2016-08-10 09:36:00,-26.4730,1023.5920,1.2800,64.1090,142.8120,80.2350,38.8730,20.7141,208216.3151,-0.0040,1.5642
2016-08-11,2016-08-11 10:25:00,-27.8260,1023.5890,1.2790,64.6730,141.4930,79.9860,38.2650,21.5553,201639.1820,-0.0040,1.5673
2016-08-12,2016-08-12 11:27:00,-28.0440,1023.5940,1.2800,64.9510,139.6140,78.7010,37.0500,21.6934,194240.9921,-0.0042,1.5716
2016-08-13,2016-08-13 11:54:00,-25.6580,1023.6010,1.2790,65.7240,140.0200,79.2470,36.6640,20.1032,218506.7221,-0.0040,1.5749
2016-08-14,2016-08-14 00:01:00,-19.2480,1023.6120,1.2800,66.2250,141.0110,80.1470,38.2550,15.4283,297292.6435,-0.0038,1.5726
2016-08-15,2016-08-15 14:46:00,-21.3370,1023.6140,1.2790,63.1180,135.2380,81.7490,39.7220,17.0144,251040.9488,-0.0041,1.5634
2016-08-16,2016-08-16 01:08:00,-17.3730,1023.5980,1.2790,60.5040,134.5040,79.1730,38.9520,14.1235,260621.6794,-0.0047,1.5547
2016-08-17,2016-08-17 16:28:00,-19.8210,1023.5990,1.2800,55.3390,128.3750,79.1800,41.2710,16.0685,195731.6069,-0.0053,1.5333
2016-08-18,2016-08-18 21:04:00,20.9460,1023.6100,1.2780,50.5090,122.5120,79.1090,46.7900,16.9274,161892.4654,-0.0058,1.4991
2016-08-19,2016-08-19 21:14:00,22.9620,1023.6160,1.2790,49.4890,121.4430,81.4680,47.5420,18.5403,151224.1320,-0.0057,1.4982
2016-08-20,2016-08-20 04:54:00,-23.7460,1023.6230,1.2780,50.5390,119.3860,83.0750,47.4990,19.0928,154774.3286,-0.0055,1.5049
2016-08-21,2016-08-21 05:25:00,-20.2310,1023.6380,1.2790,51.5550,118.9950,84.1750,47.7880,16.3886,189165.3116,-0.0052,1.5101
2016-08-22,2016-08-22 07:12:00,-24.7040,1023.6470,1.2770,52.3850,116.7780,85.3170,48.5440,19.7428,162863.1428,-0.0051,1.5116
2016-08-23,2016-08-23 06:26:00,-27.0010,1023.6540,1.2770,52.2880,119.8440,85.7880,48.4740,21.3923,153295.3488,-0.0050,1.5117
2016-08-24,2016-08-24 09:47:00,-28.7250,1023.6640,1.2770,50.4270,122.5580,88.6440,48.2320,22.6895,148683.5492,-0.0048,1.5099
2016-08-25,2016-08-25 16:24:00,26.2120,1023.6850,1.2760,49.9780,119.3810,92.2000,48.8980,20.7489,172475.4145,-0.0045,1.5110
2016-08-26,2016-08-26 15:32:00,27.7370,1023.6730,1.2770,53.8550,115.3590,91.5190,46.0960,21.6473,178949.6748,-0.0043,1.5321
2016-08-27,2016-08-27 03:52:00,27.7990,1023.6680,1.2790,59.1380,117.8090,86.8180,43.9010,21.6218,187618.0477,-0.0042,1.5507
2016-08-28,2016-08-28 04:25:00,43.9490,1023.6510,1.2790,60.9750,118.0840,82.9240,44.2910,31.3507,123304.3124,-0.0044,1.5506
2016-08-29,2016-08-29 01:14:00,-24.4330,1023.6490,1.2780,53.1500,113.7420,82.8840,51.7590,19.6155,156065.8388,-0.0052,1.5020
2016-08-30,2016-08-30 21:56:00,22.8820,1023.6530,1.2780,47.9490,105.2720,81.9860,58.0180,18.5442,138670.1135,-0.0059,1.4631
2016-08-31,2016-08-31 10:28:00,23.4440,1023.6290,1.2780,49.0560,105.0890,80.2940,56.3280,18.9981,134268.7976,-0.0060,1.4696
2016-09-01,2016-09-01 04:04:00,-27.1120,1023.6260,1.2790,48.7380,109.0370,79.8570,55.1960,21.7928,117307.6493,-0.0060,1.4712
2016-09-02,2016-09-02 18:24:00,-25.3920,1023.6330,1.2780,46.2960,107.2740,81.0750,57.6480,20.3827,120888.6827,-0.0061,1.4558
2016-09-03,2016-09-03 05:55:00,-24.6590,1023.6350,1.2790,44.8500,104.5300,79.8330,61.6400,20.0000,115860.4200,-0.0063,1.4366
2016-09-04,2016-09-04 07:02:00,-26.0160,1023.6420,1.2780,45.9690,105.1890,79.8110,59.6140,20.7509,114352.6390,-0.0063,1.4465
2016-09-05,2016-09-05 07:08:00,-28.1800,1023.6380,1.2790,46.7130,107.7090,80.3280,56.7900,22.0762,111298.3080,-0.0062,1.4592
2016-09-06,2016-09-06 15:49:00,25.7770,1023.6220,1.2790,46.8870,109.5220,80.6000,55.7990,20.7783,120135.4260,-0.0061,1.4632
2016-09-07,2016-09-07 09:53:00,-23.0160,1023.6190,1.2790,47.4700,108.8310,81.1660,55.2520,18.6545,136538.7328,-0.0060,1.4683
2016-09-08,2016-09-08 21:44:00,-30.1990,1023.6190,1.2780,48.9150,108.7530,81.9440,54.6270,23.3995,113939.3527,-0.0058,1.4767
2016-09-09,2016-09-09 09:55:00,-30.1650,1023.6230,1.2770,47.1420,112.4210,82.4780,53.7070,23.2440,113056.9782,-0.0059,1.4726
2016-09-10,2016-09-10 10:54:00,-32.9970,1023.6170,1.2780,44.5020,110.1990,83.2700,52.7960,23.5710,105936.5982,-0.0061,1.4668
2016-09-11,2016-09-11 11:20:00,-34.5710,1023.6130,1.2780,45.3710,102.0140,81.1030,56.8730,23.0591,102474.1685,-0.0064,1.4541
2016-09-12,2016-09-12 12:40:00,-28.5980,1023.6090,1.2780,40.5970,98.2770,80.5220,63.9110,19.8365,105744.3087,-0.0068,1.4116
2016-09-13,2016-09-13 01:12:00,-20.4740,1023.6220,1.2760,33.9360,102.8560,80.6090,70.7670,16.8066,113975.9974,-0.0069,1.3633
2016-09-14,2016-09-14 03:35:00,-13.6320,1023.6300,1.2770,29.9720,103.7130,80.6810,74.9010,11.2933,160589.0524,-0.0070,1.3356
2016-09-15,2016-10-01 18:54:00,1154.4570,1023.3680,1.2780,72.0420,69.6270,81.9970,66.3380,75.0000,42924.6997,-0.0052,1.5353
2016-11-01,2016-11-01 05:47:00,-22.3500,1023.3620,1.2780,74.2470,70.3830,80.3890,66.2810,18.0826,183104.6566,-0.0051,1.5430
2016-11-02,2016-11-02 17:53:00,-24.9400,1023.3350,1.2780,72.6850,74.6380,78.7320,63.2470,20.0000,165496.8052,-0.0051,1.5433
2016-11-03,2016-11-03 12:05:00,27.2690,1023.3360,1.2790,71.6520,78.6780,80.8910,58.6660,21.6610,165441.6488,-0.0048,1.5526
2016-11-04,2016-11-04 18:24:00,-26.7430,1023.3280,1.2790,70.5760,82.3750,84.1870,52.9320,21.0996,189707.5871,-0.0044,1.5656
2016-11-05,2016-11-05 06:20:00,-24.8430,1023.3320,1.2780,70.3870,80.8030,85.7410,49.9360,19.6398,211751.1754,-0.0042,1.5738
2016-11-06,2016-11-06 19:21:00,-20.5930,1023.3350,1.2790,71.6720,79.5290,85.5190,48.4840,16.4439,260562.1917,-0.0042,1.5829
2016-11-07,2016-11-07 19:53:00,-22.3190,1023.3610,1.2790,73.6530,75.8510,85.8470,49.2790,17.6720,247015.8785,-0.0041,1.5878
2016-11-08,2016-11-08 08:45:00,-20.8260,1023.3620,1.2800,73.0980,72.1420,85.7050,49.7350,16.6588,247085.5990,-0.0043,1.5860
2016-11-09,2016-11-09 19:47:00,-17.6190,1023.3680,1.2800,74.1160,72.6060,81.8880,52.5750,14.1226,270481.7176,-0.0047,1.5810
2016-11-10,2016-11-10 21:42:00,-19.0240,1023.3830,1.2800,75.4690,70.6720,79.0180,55.5330,15.2499,234819.7008,-0.0049,1.5774
2016-11-11,2016-11-11 18:00:00,18.7890,1023.3660,1.2790,74.9400,68.3060,79.2850,55.5300,15.0890,230059.2026,-0.0051,1.5758
2016-11-12,2016-11-12 13:41:00,-21.2900,1023.3640,1.2800,72.8480,70.7280,80.3590,54.7130,17.0469,204046.1217,-0.0050,1.5706
2016-11-13,2016-11-13 07:01:00,21.3690,1023.3820,1.2790,70.4950,76.0150,82.8430,56.1530,17.1066,210054.5206,-0.0048,1.5570
2016-11-14,2016-11-14 08:11:00,22.8320,1023.3760,1.2780,68.2340,77.5860,86.0060,55.8010,18.2582,202031.2630,-0.0046,1.5503
2016-11-15,2016-11-15 09:32:00,24.4230,1023.3860,1.2800,70.9080,79.2860,86.4020,57.5320,19.5089,203900.9242,-0.0043,1.5556
2016-11-16,2016-11-16 17:04:00,-22.0590,1023.3650,1.2790,70.7180,80.6510,85.1820,58.5120,17.6762,219719.9766,-0.0044,1.5510
2016-11-17,2016-11-17 11:47:00,24.9590,1023.3520,1.2780,69.5970,83.0240,86.9680,57.9310,19.9107,201982.4405,-0.0042,1.5484
2016-11-18,2016-11-18 15:45:00,-24.6280,1023.3270,1.2790,69.4680,79.8150,86.6370,54.6880,19.5995,202127.6329,-0.0044,1.5582
2016-11-19,2016-11-19 17:18:00,-26.7360,1023.3180,1.2780,69.6630,81.0610,86.5540,53.0920,21.0923,192767.3879,-0.0043,1.5625
2016-11-20,2016-11-20 17:56:00,-25.1270,1023.3190,1.2790,69.9850,83.6070,85.1470,51.0690,19.8775,207496.0168,-0.0042,1.5691
2016-11-21,2016-11-21 17:37:00,-29.6490,1023.3030,1.2780,71.2890,81.8430,81.4040,52.5140,23.2782,164555.6713,-0.0046,1.5676
2016-11-22,2016-11-22 19:24:00,-21.7800,1023.2820,1.2790,73.5350,80.0940,76.4920,51.5070,17.3618,208976.0718,-0.0049,1.5770
2016-11-23,2016-11-23 08:00:00,-22.3880,1023.2490,1.2780,71.8120,81.8900,76.1280,47.3990,17.7981,200874.7341,-0.0050,1.5815
2016-11-24,2016-11-24 20:30:00,-15.8550,1023.2420,1.2780,70.3260,78.9190,78.2130,46.9710,12.7616,276739.3050,-0.0050,1.5795
2016-11-25,2016-11-25 20:47:00,-13.0570,1023.2730,1.2780,67.2670,81.6210,81.4040,51.4580,10.6515,327314.9561,-0.0049,1.5567
2016-11-26,2016-11-26 14:09:00,-14.0650,1023.3220,1.2780,63.7150,89.2050,84.4870,57.2320,11.4749,305462.0921,-0.0047,1.5283
2016-11-27,2016-11-27 18:56:00,22.1100,1023.3500,1.2760,63.7830,90.2470,85.0330,61.1720,17.7912,197212.1390,-0.0047,1.5164
2016-11-28,2016-11-28 10:30:00,23.4580,1023.3560,1.2780,64.6990,83.1510,88.6160,62.2790,18.8788,191078.8152,-0.0046,1.5204
2016-11-29,2016-11-29 16:58:00,-27.8290,1023.3480,1.2790,66.3270,74.0350,88.2740,63.6710,22.1551,152698.8391,-0.0049,1.5232
2016-11-30,2016-11-30 16:19:00,-26.8120,1023.3440,1.2790,66.8420,74.4670,88.8290,61.1350,21.4147,164879.5708,-0.0047,1.5322
2016-12-01,2016-12-01 10:48:00,32.6200,1023.3470,1.2790,68.7380,75.6910,88.4680,59.8270,25.8324,144672.2728,-0.0045,1.5423
2016-12-02,2016-12-02 17:55:00,-31.3440,1023.3360,1.2800,72.1500,75.9520,86.9160,61.1660,24.8539,156593.7283,-0.0044,1.5504
2016-12-03,2016-12-03 16:56:00,-32.7060,1023.3390,1.2790,74.4940,72.3080,85.0610,63.3880,26.0185,144080.2417,-0.0046,1.5525
2016-12-04,2016-12-04 16:47:00,-38.5620,1023.3700,1.2800,75.3300,70.4020,87.8590,66.2790,30.2109,126821.6868,-0.0045,1.5490
2016-12-05,2016-12-05 17:39:00,-34.9020,1023.3720,1.2790,75.9610,74.9430,87.4780,67.2690,27.5776,146246.1704,-0.0042,1.5464
2016-12-06,2016-12-06 17:55:00,-41.7140,1023.3800,1.2790,76.8580,75.0280,85.9870,65.1280,32.2698,126550.4746,-0.0042,1.5549
2016-12-07,2016-12-07 18:42:00,-32.3010,1023.4020,1.2800,76.6100,67.1880,88.9380,65.7760,25.8384,149878.8900,-0.0044,1.5554
2016-12-08,2016-12-08 19:53:00,-30.7600,1023.4030,1.2800,70.8550,58.2640,98.3290,62.6200,24.7026,149379.0581,-0.0046,1.5422
2016-12-09,2016-12-09 20:31:00,-24.8180,1023.4080,1.2790,69.8540,54.9350,100.1820,60.2430,20.0000,182961.9325,-0.0046,1.5429
2016-12-10,2016-12-10 21:35:00,-22.4630,1023.4290,1.2810,71.2060,60.9680,97.7560,64.7310,18.2293,204911.5252,-0.0045,1.5389
2016-12-11,2016-12-11 07:50:00,22.7760,1023.4220,1.2800,69.0540,61.7680,97.9950,66.1340,18.4986,193786.6061,-0.0046,1.5272
2016-12-12,2016-12-12 12:03:00,-17.8470,1023.4190,1.2800,65.7920,60.3760,100.5790,65.2810,14.5377,239911.5323,-0.0047,1.5168
2016-12-13,2016-12-13 08:44:00,22.9950,1023.4020,1.2790,63.3630,58.4990,101.4270,65.0300,18.6748,177431.1442,-0.0049,1.5072
2016-12-14,2016-12-14 09:47:00,23.6340,1023.3950,1.2800,61.8530,54.6140,102.2580,63.2040,19.1687,165540.9000,-0.0051,1.5051
2016-12-15,2016-12-15 10:11:00,29.0810,1023.3790,1.2800,61.1800,54.1120,101.6550,62.3850,23.4396,132816.9775,-0.0052,1.5045
2016-12-16,2016-12-16 15:51:00,-37.2300,1023.3840,1.2820,62.2160,56.3560,100.8170,63.7750,28.4549,111496.1437,-0.0051,1.5072
2016-12-17,2016-12-17 17:12:00,-36.2750,1023.3970,1.2810,65.2150,60.5200,97.4050,64.3160,28.3203,117014.3949,-0.0050,1.5183
2016-12-18,2016-12-18 17:11:00,-40.2670,1023.4030,1.2810,66.0880,58.2870,97.2510,61.5980,30.0890,111430.9829,-0.0050,1.5283
2016-12-19,2016-12-19 18:11:00,-38.7470,1023.4100,1.2810,66.0090,55.4630,97.9910,58.2870,29.6194,114244.3638,-0.0050,1.5359
2016-12-20,2016-12-20 19:04:00,-35.2070,1023.4300,1.2800,68.8360,59.1220,93.1470,61.8570,27.7581,119703.4444,-0.0051,1.5382
2016-12-21,2016-12-21 14:55:00,32.0630,1023.4360,1.2800,70.8010,62.5980,90.8750,62.8330,25.6644,134089.6057,-0.0049,1.5432
2016-12-22,2016-12-22 12:52:00,28.7720,1023.4230,1.2790,71.7370,58.6520,95.0720,59.5000,22.8604,161715.7457,-0.0046,1.5539
2016-12-23,2016-12-23 01:51:00,20.7770,1023.3870,1.2790,74.8500,65.2220,95.1410,59.5540,16.7267,258385.7831,-0.0040,1.5637
2016-12-24,2016-12-24 14:45:00,-16.2920,1023.3900,1.2780,74.8120,74.8920,94.6290,58.0940,13.1737,374841.1322,-0.0035,1.5654
2016-12-25,2016-12-25 08:49:00,13.3570,1023.4150,1.2780,73.9490,81.2730,90.9460,58.8240,10.9051,436829.4526,-0.0036,1.5602
2016-12-26,2016-12-26 06:00:00,-13.6500,1023.4480,1.2790,74.4530,81.5410,89.5990,58.9690,11.1376,421497.3131,-0.0037,1.5618
2016-12-27,2016-12-27 15:12:00,-14.8990,1023.4650,1.2780,73.4560,76.9220,91.5920,60.3430,12.1303,369039.5618,-0.0038,1.5555
2016-12-28,2016-12-28 16:03:00,-16.2490,1023.4580,1.2790,71.0210,71.3140,90.8630,60.7050,13.1912,295767.5658,-0.0044,1.5483
2016-12-29,2016-12-29 16:25:00,-19.7870,1023.4790,1.2780,70.1210,65.3620,91.0190,61.2020,15.9475,223599.9304,-0.0048,1.5437
2016-12-30,2016-12-30 15:56:00,-23.2700,1023.5000,1.2780,69.9500,59.6500,92.0830,62.3940,18.8243,177374.9056,-0.0051,1.5400
2016-12-31,2016-12-31 17:16:00,-26.3280,1023.5220,1.2780,66.4210,57.5580,94.0650,63.4840,21.2526,146452.3784,-0.0053,1.5232
2017-01-01,2017-01-01 05:12:00,-28.2040,1023.5210,1.2780,63.0230,56.9590,93.4910,62.7430,22.7515,127451.8579,-0.0056,1.5113
2017-01-02,2017-01-02 05:11:00,-26.9760,1023.5370,1.2800,64.7960,60.7490,89.0770,65.5770,21.8078,130996.2281,-0.0057,1.5124
2017-01-03,2017-01-03 05:03:00,-30.6040,1023.5460,1.2790,68.1110,58.8380,85.8550,67.5340,24.3292,114677.9004,-0.0059,1.5196
2017-01-04,2017-01-04 05:13:00,-27.4720,1023.5470,1.2790,67.2410,57.1540,86.6040,66.9260,22.2511,122875.3423,-0.0060,1.5177
2017-01-05,2017-01-05 18:37:00,-20.1090,1023.5480,1.2790,69.3320,62.0500,85.2450,66.8690,16.3340,180427.0303,-0.0056,1.5261
2017-01-06,2017-01-06 21:08:00,-18.5320,1023.5310,1.2780,71.3390,64.6780,85.0240,68.7760,15.1117,205268.3591,-0.0054,1.5280
2017-01-07,2017-01-07 21:55:00,-19.7910,1023.5220,1.2780,70.6350,65.2840,83.6040,69.7920,16.1099,186088.1933,-0.0055,1.5222
2017-01-08,2017-01-08 22:52:00,-13.3540,1023.5350,1.2780,70.0960,63.5920,83.9080,70.4360,11.0225,264323.7927,-0.0056,1.5187
2017-01-09,2017-01-09 16:47:00,11.4390,1023.5380,1.2770,73.1180,61.3060,81.5020,71.8360,9.4963,303078.2152,-0.0058,1.5267
2017-01-10,2017-01-10 17:58:00,11.6530,1023.5200,1.2780,71.8600,64.0740,80.6010,72.5190,9.6676,295322.6718,-0.0058,1.5194
2017-01-11,2017-01-11 15:06:00,-12.9190,1023.5000,1.2790,68.8570,65.3140,81.2690,72.4220,10.6876,258767.9459,-0.0059,1.5079
2017-01-12,2017-01-12 03:34:00,-15.3560,1023.4730,1.2780,67.8590,68.1190,80.0230,73.6040,12.6531,215809.9138,-0.0059,1.4991
2017-01-13,2017-01-13 05:09:00,-15.4280,1023.4570,1.2760,68.1010,71.7240,80.0340,73.3870,12.6988,223962.4056,-0.0056,1.4988
2017-01-14,2017-01-14 12:38:00,17.6320,1023.4380,1.2770,67.1060,73.4260,81.1130,73.0640,14.4454,199904.5666,-0.0055,1.4966
2017-01-15,2017-01-15 03:52:00,19.1450,1023.4150,1.2780,67.0630,76.4090,82.5380,73.6460,15.6300,193517.2903,-0.0053,1.4959
2017-01-16,2017-01-16 04:33:00,22.8250,1023.4150,1.2780,67.4660,78.8520,82.8300,72.2850,18.5717,169783.0836,-0.0051,1.5007
2017-01-17,2017-01-17 05:05:00,26.2980,1023.4050,1.2780,66.4420,79.6910,83.9540,70.2090,21.2379,150746.3475,-0.0050,1.5029
2017-01-18,2017-01-18 05:29:00,27.4650,1023.4140,1.2780,66.4080,78.4350,86.0010,67.1230,21.9988,151166.8813,-0.0049,1.5123
2017-01-19,2017-01-19 05:51:00,21.3550,1023.4050,1.2770,65.8610,80.9440,86.4300,66.4800,17.2766,196801.9018,-0.0048,1.5115
2017-01-20,2017-01-20 14:01:00,15.2950,1023.3830,1.2760,65.1260,86.2850,84.7820,66.1380,12.5062,272530.1326,-0.0047,1.5076
2017-01-21,2017-01-21 14:07:00,16.4210,1023.3690,1.2770,66.6900,85.4330,81.8790,63.8010,13.3679,251435.3465,-0.0049,1.5184
2017-01-22,2017-01-22 15:04:00,13.8270,1023.3820,1.2770,68.1810,83.5120,80.8130,63.7270,11.3378,295929.7409,-0.0049,1.5237
2017-01-23,2017-01-23 09:03:00,-13.3060,1023.3860,1.2770,69.9910,79.1890,75.9430,64.1340,10.9454,282271.3067,-0.0054,1.5271
2017-01-24,2017-01-24 11:02:00,-15.2310,1023.4170,1.2780,70.8440,68.2650,73.8780,65.7550,12.5020,219724.0207,-0.0061,1.5285
2017-01-25,2017-01-25 19:55:00,13.8030,1023.4340,1.2770,69.0940,69.4260,74.5560,65.7970,11.3687,238220.3900,-0.0061,1.5206
2017-01-26,2017-01-26 09:42:00,18.6420,1023.4160,1.2770,66.7210,74.3440,76.9820,68.5170,15.2046,182291.4714,-0.0058,1.5042
2017-01-27,2017-01-27 21:46:00,16.9770,1023.3570,1.2760,63.4200,84.3010,77.2630,68.8380,13.8967,203328.6670,-0.0056,1.4880
2017-01-28,2017-01-28 16:38:00,-18.9940,1023.3240,1.2750,61.0700,89.0410,77.3200,68.8080,15.4894,180295.7214,-0.0056,1.4776
2017-01-29,2017-01-29 11:07:00,17.9880,1023.3500,1.2760,60.5980,90.3040,79.1440,69.4800,14.7016,195310.6068,-0.0054,1.4763
2017-01-30,2017-01-30 06:18:00,-18.6940,1023.3760,1.2750,59.7330,91.5020,81.2820,71.4180,15.2700,192007.8510,-0.0052,1.4694
2017-01-31,2017-01-31 13:22:00,21.3440,1023.3910,1.2770,60.4620,89.6830,82.7830,72.8710,17.4060,172211.3236,-0.0051,1.4710
2017-02-01,2017-02-01 13:32:00,20.4310,1023.4230,1.2770,62.3550,86.1080,84.0470,72.0430,16.6276,186246.3697,-0.0050,1.4817
2017-02-02,2017-02-02 16:41:00,-23.8530,1023.4400,1.2770,65.4210,85.4260,85.2760,71.5590,19.3551,173023.6212,-0.0047,1.4950
2017-02-03,2017-02-03 17:29:00,-36.3840,1023.4620,1.2780,66.9660,86.2630,86.2880,70.1160,28.6217,124770.9669,-0.0045,1.5052
2017-02-04,2017-02-04 17:53:00,-30.9620,1023.4870,1.2790,66.4970,77.5730,87.1610,69.5770,24.8844,133558.6430,-0.0049,1.5072
2017-02-05,2017-02-05 19:28:00,-28.3450,1023.5550,1.2800,65.9500,72.5360,86.0540,68.3220,22.8483,135577.1067,-0.0052,1.5091
2017-02-06,2017-02-06 20:51:00,-22.5670,1023.5700,1.2800,65.9720,76.0470,85.0160,67.9540,18.3052,172567.2078,-0.0051,1.5094
2017-02-07,2017-02-07 23:17:00,-23.6980,1023.5610,1.2800,66.1520,79.2710,83.4280,68.2840,19.2025,165393.9855,-0.0051,1.5080
2017-02-08,2017-02-08 00:02:00,-18.9290,1023.5340,1.2790,64.8870,79.6250,81.8890,69.6960,15.4103,195269.2915,-0.0053,1.4977
2017-02-09,2017-02-09 15:52:00,-11.8550,1023.5360,1.2780,62.4110,79.2570,80.9040,70.5710,9.8124,285777.2049,-0.0056,1.4844
2017-02-10,2017-02-10 14:57:00,-16.1330,1023.5430,1.2780,60.7440,75.7670,81.6330,72.0140,13.2711,199949.8787,-0.0058,1.4744
2017-02-11,2017-02-11 15:31:00,-18.9270,1023.5400,1.2800,60.8520,72.0820,81.2050,74.6610,15.4660,163860.3944,-0.0061,1.4685
2017-02-12,2017-02-12 16:04:00,-36.8560,1023.5630,1.2780,58.9230,72.0010,80.0920,74.7780,23.2466,103575.0008,-0.0063,1.4577
2017-02-13,2017-02-13 16:09:00,-38.3310,1023.5600,1.2800,57.8890,75.3450,79.1300,74.7850,23.5218,102178.1779,-0.0063,1.4537
2017-02-14,2017-02-14 17:43:00,-41.2680,1023.5450,1.2790,59.3450,76.8250,79.5130,75.2790,24.9095,100605.7557,-0.0060,1.4586
2017-02-15,2017-02-15 17:36:00,-38.3160,1023.5370,1.2790,63.0670,79.9000,79.9360,74.4720,26.3295,105449.0443,-0.0056,1.4764
2017-02-16,2017-02-16 06:59:00,-33.8180,1023.5000,1.2780,63.5100,86.2970,80.1830,71.3170,26.2831,113795.7712,-0.0052,1.4853
2017-02-17,2017-02-17 17:54:00,-28.1810,1023.4870,1.2780,64.7560,87.7650,79.7120,70.2270,22.7210,135965.7849,-0.0051,1.4922
2017-02-18,2017-02-18 18:21:00,-24.0710,1023.5040,1.2790,66.0060,85.5040,80.3490,69.3110,19.5055,161884.2855,-0.0051,1.5009
2017-02-19,2017-02-19 19:05:00,-23.6920,1023.5260,1.2790,67.8050,82.2580,80.6500,68.4740,19.1892,167645.7499,-0.0050,1.5107
2017-02-20,2017-02-20 19:27:00,-26.5740,1023.5210,1.2790,69.3490,82.2300,82.5240,69.7820,21.3993,159108.4270,-0.0048,1.5139
2017-02-21,2017-02-21 20:21:00,-19.1940,1023.4980,1.2790,67.4650,84.4400,83.1310,68.6190,15.5646,217846.6635,-0.0048,1.5101
2017-02-22,2017-02-22 04:17:00,9.8840,1023.4970,1.2780,66.6460,85.0850,82.6300,68.0550,8.2029,405915.8111,-0.0049,1.5077
2017-02-23,2017-02-23 23:41:00,7.5780,1023.4940,1.2780,65.5290,80.4110,84.7400,68.1000,6.3227,512155.7165,-0.0050,1.5056
2017-02-24,2017-02-24 11:20:00,11.7450,1023.4990,1.2790,64.7990,79.8900,84.1910,68.6670,9.7092,323364.9581,-0.0051,1.5017
2017-02-25,2017-02-25 12:18:00,13.9270,1023.5020,1.2780,62.6070,82.3290,85.8350,68.3320,11.4501,275695.3427,-0.0050,1.4947
2017-02-26,2017-02-26 17:27:00,-15.5310,1023.4830,1.2780,62.0300,81.3720,85.3350,67.8620,12.7243,241719.6466,-0.0052,1.4936
2017-02-27,2017-02-27 17:33:00,-19.7960,1023.4630,1.2790,61.1160,78.3990,84.1640,68.8660,16.0975,178811.0124,-0.0055,1.4870
2017-02-28,2017-02-28 12:23:00,22.9860,1023.4670,1.2780,60.6820,72.9590,84.7090,69.2920,18.7263,146252.2896,-0.0057,1.4837
2017-03-01,2017-03-01 12:48:00,23.1200,1023.4600,1.2780,60.8900,75.2940,85.2510,69.7300,18.8219,150150.6988,-0.0055,1.4839
2017-03-02,2017-03-02 19:25:00,-25.4710,1023.4540,1.2780,62.1090,77.3900,84.9630,70.5530,20.6606,141468.8279,-0.0054,1.4864
2017-03-03,2017-03-03 19:00:00,-26.9640,1023.4530,1.2780,62.0540,73.4910,86.7210,68.0760,21.7869,134595.3005,-0.0054,1.4938
2017-03-04,2017-03-04 19:12:00,-24.8660,1023.4710,1.2780,64.5100,73.4810,86.9690,66.7740,20.1103,154646.7672,-0.0052,1.5069
2017-03-05,2017-03-05 19:19:00,-25.1570,1023.4750,1.2790,66.7940,69.0290,85.9250,64.0780,20.2939,153387.2453,-0.0053,1.5233
2017-03-06,2017-03-06 20:43:00,-16.4080,1023.4720,1.2800,67.8520,64.9850,86.3650,61.6890,13.3578,233708.1712,-0.0054,1.5347
2017-03-07,2017-03-07 07:38:00,-18.9960,1023.4800,1.2790,67.5500,65.4350,87.2220,60.9550,15.3531,207041.4844,-0.0053,1.5351
2017-03-08,2017-03-08 18:47:00,13.6500,1023.4830,1.2790,66.4030,65.4780,87.8030,63.0570,11.1951,276174.3086,-0.0054,1.5251
2017-03-09,2017-03-09 21:22:00,16.7610,1023.4860,1.2800,64.1250,62.9750,88.5710,62.0590,13.6531,215285.4973,-0.0056,1.5193
2017-03-10,2017-03-10 21:49:00,19.9670,1023.4950,1.2800,63.8610,61.4910,87.9890,62.7180,16.1779,175473.3720,-0.0058,1.5160
2017-03-11,2017-03-11 15:28:00,-21.0730,1023.5080,1.2790,61.9340,62.8660,88.9560,64.0970,17.1062,163439.7891,-0.0058,1.5042
2017-03-12,2017-03-12 16:41:00,-25.3140,1023.5270,1.2800,60.1550,64.0000,88.1900,67.3240,20.5481,129192.2371,-0.0059,1.4885
2017-03-13,2017-03-13 16:36:00,-29.4970,1023.5340,1.2790,59.4330,66.6380,86.8140,68.5370,23.3440,112066.9129,-0.0060,1.4814
2017-03-14,2017-03-14 16:58:00,-28.3890,1023.5390,1.2800,58.9440,63.3530,88.6660,68.5720,22.7035,113739.7020,-0.0060,1.4800
2017-03-15,2017-03-15 17:08:00,-35.0340,1023.5350,1.2800,58.0330,61.0630,91.7730,69.5630,24.1331,107163.9834,-0.0060,1.4740
2017-03-16,2017-03-16 18:14:00,-40.6770,1023.5390,1.2800,57.6740,59.2890,90.5580,67.7210,24.5000,102264.8456,-0.0062,1.4762
2017-03-17,2017-03-17 06:22:00,-45.3610,1023.5320,1.2800,59.0880,59.3910,88.8220,65.4690,25.7988,98326.2880,-0.0062,1.4878
2017-03-18,2017-03-18 19:15:00,-41.9510,1023.5300,1.2800,61.7860,63.6320,87.0500,63.4800,26.8191,102071.3498,-0.0059,1.5053
2017-03-19,2017-03-19 08:17:00,-50.1850,1023.5100,1.2810,63.2800,64.8370,86.6300,62.8800,29.7589,95506.0318,-0.0057,1.5138
2017-03-20,2017-03-20 08:24:00,-38.1360,1023.5290,1.2800,63.0750,60.7680,86.8300,60.4770,26.2451,105389.1548,-0.0059,1.5184
2017-03-21,2017-03-21 09:47:00,-29.0540,1023.5410,1.2790,64.4160,57.1620,85.3780,59.8030,23.0554,116158.6719,-0.0062,1.5243
2017-03-22,2017-03-22 09:54:00,-24.2750,1023.5480,1.2790,65.0820,54.7880,83.6020,61.2170,19.6788,129380.3771,-0.0065,1.5225
2017-03-23,2017-03-23 10:49:00,-13.6390,1023.5650,1.2780,66.7850,51.3480,79.6220,63.7120,11.2430,208784.0349,-0.0070,1.5216
2017-03-24,2017-03-24 22:29:00,12.1520,1023.5700,1.2790,65.7740,51.9380,79.3640,63.4620,10.0474,230612.2577,-0.0071,1.5179
2017-03-25,2017-03-25 23:44:00,15.2530,1023.5620,1.2790,66.0750,53.2720,80.7900,64.6620,12.5431,190915.7435,-0.0068,1.5167
2017-03-26,2017-03-26 15:38:00,-18.3110,1023.5530,1.2800,62.3980,57.4760,83.9560,64.5260,14.9564,164584.2876,-0.0065,1.5025
2017-03-27,2017-03-27 15:44:00,-26.1230,1023.5600,1.2800,60.1510,55.8560,84.4180,64.1670,20.8566,112579.1000,-0.0068,1.4929
2017-03-28,2017-03-28 16:15:00,-29.8350,1023.5620,1.2800,59.5320,56.8850,82.9960,65.1680,21.1373,108199.4065,-0.0069,1.4867
2017-03-29,2017-03-29 17:24:00,-33.4340,1023.5490,1.2800,59.8190,56.6990,82.6180,66.1940,21.5509,105304.7750,-0.0069,1.4850
2017-03-30,2017-03-30 17:06:00,-39.5400,1023.5570,1.2790,59.6430,56.9380,85.5420,66.1750,23.2508,101745.4079,-0.0066,1.4854
2017-03-31,2017-03-31 18:23:00,-46.1290,1023.5460,1.2800,60.1610,58.4030,88.7740,67.2360,25.7634,98093.9524,-0.0062,1.4875
2017-04-01,2017-04-01 06:35:00,-52.2240,1023.5390,1.2790,59.7520,58.2580,92.1060,69.0360,27.4977,94594.0935,-0.0060,1.4814
2017-04-02,2017-04-02 19:24:00,-58.1150,1023.5270,1.2780,60.8130,58.6330,96.2590,66.1420,31.3643,92231.9813,-0.0055,1.4940
2017-04-03,2017-04-03 08:03:00,-67.6050,1023.5190,1.2780,61.6900,62.8640,98.9710,61.2430,39.4300,85542.8879,-0.0048,1.5121
2017-04-04,2017-04-04 07:44:00,-52.3420,1023.5060,1.2780,62.4340,65.1650,95.3260,56.5980,33.7622,101432.7484,-0.0049,1.5282
2017-04-05,2017-04-05 09:10:00,-39.7600,1023.4840,1.2790,65.2320,66.8570,88.6810,53.7100,29.3213,113704.4031,-0.0051,1.5468
2017-04-06,2017-04-06 09:30:00,-30.7710,1023.4650,1.2780,66.0500,67.2590,84.8890,51.0040,24.2831,132997.1954,-0.0053,1.5560
2017-04-07,2017-04-07 20:05:00,17.7920,1023.4610,1.2790,64.5240,64.2460,84.5190,50.3360,14.2980,211989.5110,-0.0057,1.5521
2017-04-08,2017-04-08 21:01:00,16.2930,1023.4560,1.2780,63.9500,65.5840,82.4140,51.2300,13.1891,219480.6288,-0.0059,1.5458
2017-04-09,2017-04-09 23:50:00,22.7470,1023.4510,1.2790,63.9130,68.6800,78.9580,51.2820,18.2753,152489.5732,-0.0061,1.5441
2017-04-10,2017-04-10 00:07:00,24.4080,1023.4370,1.2780,62.6680,70.4260,81.8270,51.5390,19.5433,148239.3124,-0.0058,1.5397
2017-04-11,2017-04-11 12:58:00,25.2160,1023.4330,1.2780,61.8230,70.6490,84.1540,56.4490,20.2376,143171.9411,-0.0057,1.5235
2017-04-12,2017-04-12 05:22:00,-27.1730,1023.4280,1.2780,59.6820,74.4390,83.7810,59.3820,21.8161,128420.9241,-0.0058,1.5066
2017-04-13,2017-04-13 05:47:00,-32.0010,1023.3960,1.2770,58.3760,75.6300,83.8290,58.6270,24.6186,112289.0428,-0.0058,1.5030
2017-04-14,2017-04-14 01:51:00,32.7740,1023.3980,1.2780,60.1480,74.9460,83.5750,57.4850,25.1043,113707.1294,-0.0057,1.5138
2017-04-15,2017-04-15 07:04:00,-30.2340,1023.3980,1.2790,63.4350,73.9590,84.0160,58.5130,24.1079,126207.3884,-0.0054,1.5248
2017-04-16,2017-04-16 07:42:00,-29.5530,1023.4080,1.2770,65.7400,73.7420,84.2600,57.8260,23.5138,136688.1665,-0.0052,1.5345
2017-04-17,2017-04-17 06:40:00,-27.7660,1023.4060,1.2780,68.5240,72.9070,84.2860,58.4090,22.0161,153486.7616,-0.0050,1.5440
2017-04-18,2017-04-18 08:12:00,-38.5320,1023.3960,1.2770,70.1860,72.6230,85.5510,57.0140,29.4579,122717.8594,-0.0048,1.5537
2017-04-19,2017-04-19 08:22:00,-25.2920,1023.3980,1.2790,70.0430,71.6340,86.4330,54.4050,20.1303,184157.7430,-0.0047,1.5620
2017-04-20,2017-04-20 09:00:00,-21.5190,1023.4150,1.2770,68.3300,71.6580,87.5480,49.7020,17.0855,221516.7020,-0.0046,1.5683
2017-04-21,2017-04-21 01:08:00,16.8290,1023.4120,1.2780,67.6940,75.0260,88.4270,48.4820,13.4405,294879.2979,-0.0044,1.5703
2017-04-22,2017-04-22 11:56:00,-14.0800,1023.4030,1.2790,65.4600,72.4530,89.7470,48.0810,11.3650,333100.7086,-0.0046,1.5646
2017-04-23,2017-04-23 19:32:00,17.4210,1023.3840,1.2780,63.4620,70.2000,89.4050,44.8830,13.8536,259832.9907,-0.0048,1.5658
2017-04-24,2017-04-24 20:37:00,17.5270,1023.3850,1.2780,61.9150,69.8130,89.6720,44.4450,13.9398,250265.0464,-0.0050,1.5614
2017-04-25,2017-04-25 14:40:00,-20.2150,1023.3690,1.2770,60.7200,73.1000,88.4850,46.4430,16.2002,206303.1226,-0.0051,1.5507
2017-04-26,2017-04-27 00:00:00,20.3880,1023.3570,1.2760,59.4280,74.6640,87.9660,46.6870,16.3519,198049.6924,-0.0052,1.5446
2017-04-27,2017-04-27 08:33:00,21.3970,1023.3820,1.2770,62.0190,77.5390,86.1590,48.1740,17.0145,197238.2639,-0.0051,1.5498
2017-04-28,2017-04-28 12:51:00,24.5090,1023.3690,1.2780,67.4410,95.7990,81.1570,46.9940,19.3791,202590.8255,-0.0045,1.5672
2017-04-29,2017-04-29 19:52:00,-29.9120,1023.3510,1.2780,70.5870,116.8590,77.3730,39.8530,23.0500,193793.0918,-0.0040,1.5869
2017-04-30,2017-04-30 23:51:00,34.0050,1023.4110,1.2800,69.5070,109.6980,74.9860,39.6420,25.8853,152359.4501,-0.0045,1.5864
