-2000.000000,374.400000
-1950.000000,374.400000
-1900.000000,374.400000
-1850.000000,374.400000
-1800.000000,374.400000
-1750.000000,374.400000
-1700.000000,374.400000
-1650.000000,374.400000
-1600.000000,374.400000
-1550.000000,374.400000
-1500.000000,374.370858
-1450.000000,374.364630
-1400.000000,374.357510
-1350.000000,374.349400
-1300.000000,374.340192
-1250.000000,374.329774
-1200.000000,374.318020
-1150.000000,374.304803
-1100.000000,374.289981
-1050.000000,374.273410
-1000.000000,374.254934
-950.000000,374.235546
-900.000000,374.214177
-850.000000,374.190691
-800.000000,374.164943
-750.000000,374.136791
-700.000000,374.106091
-650.000000,374.072697
-600.000000,374.036465
-550.000000,373.997253
-500.000000,373.954922
-450.000000,373.909334
-400.000000,373.860317
-350.000000,373.807734
-300.000000,373.751457
-250.000000,373.691362
-200.000000,373.627333
-150.000000,373.559262
-100.000000,373.487049
-50.000000,373.410605
0.000000,373.329851
50.000000,373.244718
100.000000,373.155151
150.000000,373.061105
200.000000,372.962550
250.000000,372.859468
300.000000,372.751855
350.000000,372.639718
400.000000,372.523081
450.000000,372.401977
500.000000,372.276456
550.000000,372.146578
600.000000,372.012417
650.000000,371.874059
700.000000,371.731601
750.000000,371.585152
800.000000,371.434831
850.000000,371.280767
900.000000,371.123098
950.000000,370.961972
1000.000000,370.797544
1050.000000,370.629976
1100.000000,370.459437
1150.000000,370.286102
1200.000000,370.110152
1250.000000,369.931771
1300.000000,369.751148
1350.000000,369.568477
1400.000000,369.383952
1450.000000,369.197774
1500.000000,369.010141
1550.000000,368.821258
1600.000000,368.631328
1650.000000,368.440555
1700.000000,368.249147
1750.000000,368.057310
1800.000000,367.865252
1850.000000,367.673179
1900.000000,367.481299
1950.000000,367.289820
2000.000000,367.098948
2050.000000,366.908889
2100.000000,366.719849
2150.000000,366.532033
2200.000000,366.345641
2250.000000,366.160877
2300.000000,365.977937
2350.000000,365.797019
2400.000000,365.618316
2450.000000,365.442017
2500.000000,365.268307
2550.000000,365.097367
2600.000000,364.929374
2650.000000,364.764496
2700.000000,364.602897
2750.000000,364.444733
2800.000000,364.290151
2850.000000,364.139291
2900.000000,363.992283
2950.000000,363.849247
3000.000000,363.710293
3050.000000,363.575519
3100.000000,363.445012
3150.000000,363.318845
3200.000000,363.197081
3250.000000,363.079769
3300.000000,362.966943
3350.000000,362.858625
3400.000000,362.754825
3450.000000,362.655534
3500.000000,362.560736
3550.000000,362.470395
3600.000000,362.384466
3650.000000,362.302889
3700.000000,362.225592
3750.000000,362.152489
3800.000000,362.083485
3850.000000,362.018471
3900.000000,361.957329
3950.000000,361.899930
4000.000000,361.846137
4050.000000,361.795802
4100.000000,361.748773
4150.000000,361.704886
4200.000000,361.663976
4250.000000,361.625868
4300.000000,361.590385
4350.000000,361.557345
4400.000000,361.526562
4450.000000,361.497850
4500.000000,361.471017
4550.000000,361.445873
4600.000000,361.422225
4650.000000,361.399883
4700.000000,361.378652
4750.000000,361.358344
4800.000000,361.338767
4850.000000,361.319734
4900.000000,361.301059
4950.000000,361.282557
5000.000000,361.264047
5050.000000,361.245353
5100.000000,361.226298
5150.000000,361.206713
5200.000000,361.186430
5250.000000,361.165286
5300.000000,361.143124
5350.000000,361.119789
5400.000000,361.095135
5450.000000,361.069018
5500.000000,361.041300
5550.000000,361.011852
5600.000000,360.980547
5650.000000,360.947269
5700.000000,360.911907
5750.000000,360.874355
5800.000000,360.834519
5850.000000,360.792310
5900.000000,360.747648
5950.000000,360.700461
6000.000000,360.650686
6050.000000,360.598269
6100.000000,360.543166
6150.000000,360.485340
6200.000000,360.424765
6250.000000,360.361424
6300.000000,360.295310
6350.000000,360.226424
6400.000000,360.154780
6450.000000,360.080397
6500.000000,360.003306
6550.000000,359.923547
6600.000000,359.841168
6650.000000,359.756225
6700.000000,359.668784
6750.000000,359.578919
6800.000000,359.486711
6850.000000,359.392248
6900.000000,359.295625
6950.000000,359.196945
7000.000000,359.096315
7050.000000,358.993848
7100.000000,358.889665
7150.000000,358.783887
7200.000000,358.676642
7250.000000,358.568062
7300.000000,358.458281
7350.000000,358.347437
7400.000000,358.235670
7450.000000,358.123121
7500.000000,358.009933
7550.000000,357.896252
7600.000000,357.782221
7650.000000,357.667985
7700.000000,357.553690
7750.000000,357.439481
7800.000000,357.325499
7850.000000,357.211888
7900.000000,357.098786
7950.000000,356.986333
8000.000000,356.874664
8050.000000,356.763910
8100.000000,356.654201
8150.000000,356.545663
8200.000000,356.438416
8250.000000,356.332578
8300.000000,356.228260
8350.000000,356.125569
8400.000000,356.024607
8450.000000,355.925469
8500.000000,355.828243
8550.000000,355.733012
8600.000000,355.639853
8650.000000,355.548834
8700.000000,355.460017
8750.000000,355.373454
8800.000000,355.289193
8850.000000,355.207272
8900.000000,355.127721
8950.000000,355.050563
9000.000000,354.975813
9050.000000,354.903476
9100.000000,354.833552
9150.000000,354.766032
9200.000000,354.700900
9250.000000,354.638130
9300.000000,354.577694
9350.000000,354.519552
9400.000000,354.463660
9450.000000,354.409970
9500.000000,354.358424
9550.000000,354.308962
9600.000000,354.261518
9650.000000,354.216022
9700.000000,354.172400
9750.000000,354.130576
9800.000000,354.090469
9850.000000,354.051998
9900.000000,354.015079
9950.000000,353.979627
10000.000000,353.945556
10050.000000,353.912781
10100.000000,353.881215
10150.000000,353.850773
10200.000000,353.821372
10250.000000,353.792928
10300.000000,353.765360
10350.000000,353.738589
10400.000000,353.712538
10450.000000,353.687133
10500.000000,353.662301
10550.000000,353.637974
10600.000000,353.614086
10650.000000,353.590575
10700.000000,353.567381
10750.000000,353.544448
10800.000000,353.521724
10850.000000,353.499160
10900.000000,353.476708
10950.000000,353.454328
11000.000000,353.431980
11050.000000,353.409629
11100.000000,353.387241
11150.000000,353.364788
11200.000000,353.342243
11250.000000,353.319584
11300.000000,353.296791
11350.000000,353.273847
11400.000000,353.250738
11450.000000,353.227453
11500.000000,353.203983
11550.000000,353.180324
11600.000000,353.156471
11650.000000,353.132426
11700.000000,353.108191
11750.000000,353.083770
11800.000000,353.059171
11850.000000,353.034405
11900.000000,353.009485
11950.000000,352.984424
12000.000000,352.959242
12050.000000,352.933958
12100.000000,352.908595
12150.000000,352.883177
12200.000000,352.857733
12250.000000,352.832291
12300.000000,352.806884
12350.000000,352.781546
12400.000000,352.756314
12450.000000,352.731225
12500.000000,352.706322
12550.000000,352.681645
12600.000000,352.657239
12650.000000,352.633152
12700.000000,352.609429
12750.000000,352.586120
12800.000000,352.563276
12850.000000,352.540948
12900.000000,352.519188
12950.000000,352.498048
13000.000000,352.477583
13050.000000,352.457845
13100.000000,352.438887
13150.000000,352.420763
13200.000000,352.403525
13250.000000,352.387223
13300.000000,352.371910
13350.000000,352.357632
13400.000000,352.344438
13450.000000,352.332372
13500.000000,352.321477
13550.000000,352.311794
13600.000000,352.303361
13650.000000,352.296211
13700.000000,352.290378
13750.000000,352.285889
13800.000000,352.282771
13850.000000,352.281043
13900.000000,352.280726
13950.000000,352.281834
14000.000000,352.284378
14050.000000,352.288366
14100.000000,352.293802
14150.000000,352.300687
14200.000000,352.309019
14250.000000,352.318792
14300.000000,352.330000
14350.000000,352.342630
14400.000000,352.356670
14450.000000,352.372105
14500.000000,352.388917
14550.000000,352.407089
14600.000000,352.426599
14650.000000,352.447427
14700.000000,352.469553
14750.000000,352.492953
14800.000000,352.517606
14850.000000,352.543491
14900.000000,352.570586
14950.000000,352.598870
15000.000000,352.628325
15050.000000,352.658931
15100.000000,352.690672
15150.000000,352.723532
15200.000000,352.757496
15250.000000,352.792551
15300.000000,352.828687
15350.000000,352.865893
15400.000000,352.904160
15450.000000,352.943482
15500.000000,352.983852
15550.000000,353.025265
15600.000000,353.067715
15650.000000,353.111199
15700.000000,353.155712
15750.000000,353.201248
15800.000000,353.247803
15850.000000,353.295370
15900.000000,353.343939
15950.000000,353.393500
16000.000000,353.444040
16050.000000,353.495542
16100.000000,353.547986
16150.000000,353.601348
16200.000000,353.655598
16250.000000,353.710702
16300.000000,353.766619
16350.000000,353.823303
16400.000000,353.880700
16450.000000,353.938748
16500.000000,353.997380
16550.000000,354.056517
16600.000000,354.116073
16650.000000,354.175954
16700.000000,354.236055
16750.000000,354.296261
16800.000000,354.356448
16850.000000,354.416483
16900.000000,354.476220
16950.000000,354.535505
17000.000000,354.594174
17050.000000,354.652051
17100.000000,354.708953
17150.000000,354.764686
17200.000000,354.819046
17250.000000,354.871823
17300.000000,354.922798
17350.000000,354.971745
17400.000000,355.018431
17450.000000,355.062618
17500.000000,355.104066
17550.000000,355.142527
17600.000000,355.177755
17650.000000,355.209501
17700.000000,355.237517
17750.000000,355.261557
17800.000000,355.281378
17850.000000,355.296743
17900.000000,355.307418
17950.000000,355.313181
18000.000000,355.313816
18050.000000,355.309119
18100.000000,355.298898
18150.000000,355.282977
18200.000000,355.261191
18250.000000,355.233395
18300.000000,355.199459
18350.000000,355.159274
18400.000000,355.112751
18450.000000,355.059820
18500.000000,355.000433
18550.000000,354.934567
18600.000000,354.862219
18650.000000,354.783411
18700.000000,354.698187
18750.000000,354.606615
18800.000000,354.508788
18850.000000,354.404822
18900.000000,354.294854
18950.000000,354.179046
19000.000000,354.057580
19050.000000,353.930659
19100.000000,353.798507
19150.000000,353.661368
19200.000000,353.519500
19250.000000,353.373182
19300.000000,353.222704
19350.000000,353.068373
19400.000000,352.910506
19450.000000,352.749432
19500.000000,352.585487
19550.000000,352.419017
19600.000000,352.250371
19650.000000,352.079903
19700.000000,351.907968
19750.000000,351.734921
19800.000000,351.561119
19850.000000,351.386911
19900.000000,351.212645
19950.000000,351.038659
20000.000000,350.865287
20050.000000,350.692850
20100.000000,350.521659
20150.000000,350.352013
20200.000000,350.184197
20250.000000,350.018479
20300.000000,349.855114
20350.000000,349.694337
20400.000000,349.536363
20450.000000,349.381391
20500.000000,349.229597
20550.000000,349.081137
20600.000000,348.936144
20650.000000,348.794728
20700.000000,348.656977
20750.000000,348.522954
20800.000000,348.392701
20850.000000,348.266231
20900.000000,348.143537
20950.000000,348.024585
21000.000000,347.909318
21050.000000,347.797653
21100.000000,347.689486
21150.000000,347.584686
21200.000000,347.483100
21250.000000,347.384554
21300.000000,347.288850
21350.000000,347.195769
21400.000000,347.105073
21450.000000,347.016501
21500.000000,346.929778
21550.000000,346.844608
21600.000000,346.760680
21650.000000,346.677670
21700.000000,346.595238
21750.000000,346.513032
21800.000000,346.430691
21850.000000,346.347845
21900.000000,346.264115
21950.000000,346.179119
22000.000000,346.092470
22050.000000,346.003779
22100.000000,345.912659
22150.000000,345.818721
22200.000000,345.721585
22250.000000,345.620872
22300.000000,345.516216
22350.000000,345.407256
22400.000000,345.293644
22450.000000,345.175048
22500.000000,345.051148
22550.000000,344.921643
22600.000000,344.786249
22650.000000,344.644704
22700.000000,344.496766
22750.000000,344.342218
22800.000000,344.180864
22850.000000,344.012536
22900.000000,343.837092
22950.000000,343.654416
23000.000000,343.464420
23050.000000,343.267042
23100.000000,343.062253
23150.000000,342.850047
23200.000000,342.630450
23250.000000,342.403513
23300.000000,342.169319
23350.000000,341.927972
23400.000000,341.679608
23450.000000,341.424384
23500.000000,341.162484
23550.000000,340.894115
23600.000000,340.619503
23650.000000,340.338899
23700.000000,340.052568
23750.000000,339.760796
23800.000000,339.463884
23850.000000,339.162145
23900.000000,338.855907
23950.000000,338.545506
24000.000000,338.231287
24050.000000,337.913604
24100.000000,337.592812
24150.000000,337.269273
24200.000000,336.943348
24250.000000,336.615399
24300.000000,336.285786
24350.000000,335.954863
24400.000000,335.622981
24450.000000,335.290485
24500.000000,334.957711
24550.000000,334.624985
24600.000000,334.292624
24650.000000,333.960931
24700.000000,333.630199
24750.000000,333.300706
24800.000000,332.972715
24850.000000,332.646475
24900.000000,332.322219
24950.000000,332.000163
25000.000000,331.680507
25050.000000,331.363433
25100.000000,331.049106
25150.000000,330.737674
25200.000000,330.429269
25250.000000,330.124002
25300.000000,329.821971
25350.000000,329.523253
25400.000000,329.227912
25450.000000,328.935994
25500.000000,328.647531
25550.000000,328.362537
25600.000000,328.081015
25650.000000,327.802952
25700.000000,327.528325
25750.000000,327.257095
25800.000000,326.989215
25850.000000,326.724628
25900.000000,326.463264
25950.000000,326.205049
26000.000000,325.949900
26050.000000,325.697726
26100.000000,325.448432
26150.000000,325.201920
26200.000000,324.958086
26250.000000,324.716824
26300.000000,324.478027
26350.000000,324.241586
26400.000000,324.007393
26450.000000,323.775339
26500.000000,323.545317
26550.000000,323.317223
26600.000000,323.090954
26650.000000,322.866411
26700.000000,322.643496
26750.000000,322.422118
26800.000000,322.202188
26850.000000,321.983621
26900.000000,321.766339
26950.000000,321.550264
27000.000000,321.335328
27050.000000,321.121464
27100.000000,320.908610
27150.000000,320.696709
27200.000000,320.485708
27250.000000,320.275560
27300.000000,320.066219
27350.000000,319.857646
27400.000000,319.649802
27450.000000,319.442655
27500.000000,319.236172
27550.000000,319.030328
27600.000000,318.825095
27650.000000,318.620451
27700.000000,318.416375
27750.000000,318.212848
27800.000000,318.009852
27850.000000,317.807370
27900.000000,317.605388
27950.000000,317.403892
28000.000000,317.202867
28050.000000,317.002303
28100.000000,316.802187
28150.000000,316.602507
28200.000000,316.403254
28250.000000,316.204415
28300.000000,316.005983
28350.000000,315.807946
28400.000000,315.610295
28450.000000,315.413022
28500.000000,315.216118
28550.000000,315.019575
28600.000000,314.823385
28650.000000,314.627540
28700.000000,314.432034
28750.000000,314.236861
28800.000000,314.042015
28850.000000,313.847491
28900.000000,313.653284
28950.000000,313.459391
29000.000000,313.265808
29050.000000,313.072533
29100.000000,312.879564
29150.000000,312.686900
29200.000000,312.494540
29250.000000,312.302484
29300.000000,312.110734
29350.000000,311.919289
29400.000000,311.728152
29450.000000,311.537324
29500.000000,311.346809
29550.000000,311.156608
29600.000000,310.966723
29650.000000,310.777159
29700.000000,310.587918
29750.000000,310.399002
29800.000000,310.210414
29850.000000,310.022156
29900.000000,309.834230
29950.000000,309.646637
30000.000000,309.459379
30050.000000,309.272455
30100.000000,309.085865
30150.000000,308.899607
30200.000000,308.713680
30250.000000,308.528081
30300.000000,308.342805
30350.000000,308.157847
30400.000000,307.973202
30450.000000,307.788863
30500.000000,307.604822
30550.000000,307.421069
30600.000000,307.237594
30650.000000,307.054386
30700.000000,306.871432
30750.000000,306.688720
30800.000000,306.506235
30850.000000,306.323961
30900.000000,306.141883
30950.000000,305.959983
31000.000000,305.778243
31050.000000,305.596645
31100.000000,305.415170
31150.000000,305.233797
31200.000000,305.052507
31250.000000,304.871278
31300.000000,304.690089
31350.000000,304.508918
31400.000000,304.327744
31450.000000,304.146545
31500.000000,303.965300
31550.000000,303.783985
31600.000000,303.602580
31650.000000,303.421063
31700.000000,303.239412
31750.000000,303.057608
31800.000000,302.875631
31850.000000,302.693459
31900.000000,302.511075
31950.000000,302.328460
32000.000000,302.145598
32050.000000,301.962470
32100.000000,301.779062
32150.000000,301.595359
32200.000000,301.411347
32250.000000,301.227015
32300.000000,301.042350
32350.000000,300.857342
32400.000000,300.671982
32450.000000,300.486263
32500.000000,300.300177
32550.000000,300.113719
32600.000000,299.926885
32650.000000,299.739671
32700.000000,299.552075
32750.000000,299.364096
32800.000000,299.175734
32850.000000,298.986989
32900.000000,298.797864
32950.000000,298.608360
33000.000000,298.418481
33050.000000,298.228231
33100.000000,298.037615
33150.000000,297.846637
33200.000000,297.655302
33250.000000,297.463617
33300.000000,297.271587
33350.000000,297.079218
33400.000000,296.886517
33450.000000,296.693489
33500.000000,296.500141
33550.000000,296.306479
33600.000000,296.112507
33650.000000,295.918232
33700.000000,295.723658
33750.000000,295.528791
33800.000000,295.333634
33850.000000,295.138191
33900.000000,294.942466
33950.000000,294.746461
34000.000000,294.550180
34050.000000,294.353624
34100.000000,294.156795
34150.000000,293.959695
34200.000000,293.762324
34250.000000,293.564684
34300.000000,293.366773
34350.000000,293.168594
34400.000000,292.970145
34450.000000,292.771426
34500.000000,292.572438
34550.000000,292.373180
34600.000000,292.173652
34650.000000,291.973853
34700.000000,291.773784
34750.000000,291.573444
34800.000000,291.372834
34850.000000,291.171954
34900.000000,290.970805
34950.000000,290.769388
35000.000000,290.567704
35050.000000,290.365755
35100.000000,290.163541
35150.000000,289.961066
35200.000000,289.758331
35250.000000,289.555339
35300.000000,289.352092
35350.000000,289.148594
35400.000000,288.944848
35450.000000,288.740856
35500.000000,288.536622
35550.000000,288.332149
35600.000000,288.127440
35650.000000,287.922499
35700.000000,287.717330
35750.000000,287.511934
35800.000000,287.306315
35850.000000,287.100476
35900.000000,286.894419
35950.000000,286.688147
36000.000000,286.481661
36050.000000,286.274965
36100.000000,286.068059
36150.000000,285.860944
36200.000000,285.653622
36250.000000,285.446094
36300.000000,285.238360
36350.000000,285.030420
36400.000000,284.822276
36450.000000,284.613926
36500.000000,284.405371
36550.000000,284.196611
36600.000000,283.987646
36650.000000,283.778476
36700.000000,283.569100
36750.000000,283.359518
36800.000000,283.149732
36850.000000,282.939741
36900.000000,282.729546
36950.000000,282.519149
37000.000000,282.308551
37050.000000,282.097755
37100.000000,281.886761
37150.000000,281.675575
37200.000000,281.464199
37250.000000,281.252638
37300.000000,281.040897
37350.000000,280.828981
37400.000000,280.616897
37450.000000,280.404651
37500.000000,280.192253
37550.000000,279.979710
37600.000000,279.767031
37650.000000,279.554228
37700.000000,279.341310
37750.000000,279.128290
37800.000000,278.915179
37850.000000,278.701991
37900.000000,278.488738
37950.000000,278.275436
38000.000000,278.062099
38050.000000,277.848741
38100.000000,277.635379
38150.000000,277.422029
38200.000000,277.208707
38250.000000,276.995429
38300.000000,276.782212
38350.000000,276.569073
38400.000000,276.356028
38450.000000,276.143095
38500.000000,275.930290
38550.000000,275.717629
38600.000000,275.505128
38650.000000,275.292802
38700.000000,275.080668
38750.000000,274.868738
38800.000000,274.657028
38850.000000,274.445549
38900.000000,274.234314
38950.000000,274.023335
39000.000000,273.812621
39050.000000,273.602181
39100.000000,273.392024
39150.000000,273.182157
39200.000000,272.972583
39250.000000,272.763309
39300.000000,272.554336
39350.000000,272.345665
39400.000000,272.137297
39450.000000,271.929229
39500.000000,271.721459
39550.000000,271.513982
39600.000000,271.306790
39650.000000,271.099877
39700.000000,270.893233
39750.000000,270.686847
39800.000000,270.480706
39850.000000,270.274796
39900.000000,270.069103
39950.000000,269.863608
40000.000000,269.658294
40050.000000,269.453141
40100.000000,269.248129
40150.000000,269.043236
40200.000000,268.838439
40250.000000,268.633715
40300.000000,268.429038
40350.000000,268.224382
40400.000000,268.019723
40450.000000,267.815033
40500.000000,267.610286
40550.000000,267.405453
40600.000000,267.200508
40650.000000,266.995422
40700.000000,266.790169
40750.000000,266.584721
40800.000000,266.379051
40850.000000,266.173133
40900.000000,265.966941
40950.000000,265.760450
41000.000000,265.553636
41050.000000,265.346475
41100.000000,265.138947
41150.000000,264.931030
41200.000000,264.722706
41250.000000,264.513956
41300.000000,264.304764
41350.000000,264.095116
41400.000000,263.884999
41450.000000,263.674402
41500.000000,263.463317
41550.000000,263.251736
41600.000000,263.039656
41650.000000,262.827072
41700.000000,262.613984
41750.000000,262.400394
41800.000000,262.186305
41850.000000,261.971722
41900.000000,261.756653
41950.000000,261.541108
42000.000000,261.325099
42050.000000,261.108638
42100.000000,260.891741
42150.000000,260.674425
42200.000000,260.456709
42250.000000,260.238614
42300.000000,260.020161
42350.000000,259.801373
42400.000000,259.582276
42450.000000,259.362893
42500.000000,259.143254
42550.000000,258.923383
42600.000000,258.703311
42650.000000,258.483066
42700.000000,258.262677
42750.000000,258.042173
42800.000000,257.821585
42850.000000,257.600943
42900.000000,257.380276
42950.000000,257.159613
43000.000000,256.938983
43050.000000,256.718416
43100.000000,256.497937
43150.000000,256.277575
43200.000000,256.057355
43250.000000,255.837302
43300.000000,255.617438
43350.000000,255.397785
43400.000000,255.178363
43450.000000,254.959192
43500.000000,254.740285
43550.000000,254.521659
43600.000000,254.303324
43650.000000,254.085289
43700.000000,253.867563
43750.000000,253.650147
43800.000000,253.433043
43850.000000,253.216249
43900.000000,252.999759
43950.000000,252.783564
44000.000000,252.567651
44050.000000,252.352004
44100.000000,252.136601
44150.000000,251.921417
44200.000000,251.706424
44250.000000,251.491587
44300.000000,251.276869
44350.000000,251.062226
44400.000000,250.847609
44450.000000,250.632966
44500.000000,250.418239
44550.000000,250.203365
44600.000000,249.988274
44650.000000,249.772894
44700.000000,249.557146
44750.000000,249.340946
44800.000000,249.124205
44850.000000,248.906830
44900.000000,248.688723
44950.000000,248.469782
45000.000000,248.249899
45050.000000,248.028965
45100.000000,247.806865
45150.000000,247.583484
45200.000000,247.358700
45250.000000,247.132393
45300.000000,246.904441
45350.000000,246.674718
45400.000000,246.443100
45450.000000,246.209465
45500.000000,245.973687
45550.000000,245.735648
45600.000000,245.495226
45650.000000,245.252308
45700.000000,245.006780
45750.000000,244.758535
45800.000000,244.507472
45850.000000,244.253493
45900.000000,243.996510
45950.000000,243.736440
46000.000000,243.473209
46050.000000,243.206751
46100.000000,242.937007
46150.000000,242.663931
46200.000000,242.387484
46250.000000,242.107637
46300.000000,241.824372
46350.000000,241.537681
46400.000000,241.247567
46450.000000,240.954042
46500.000000,240.657130
46550.000000,240.356863
46600.000000,240.053284
46650.000000,239.746447
46700.000000,239.436412
46750.000000,239.123251
46800.000000,238.807042
46850.000000,238.487872
46900.000000,238.165834
46950.000000,237.841030
47000.000000,237.513565
47050.000000,237.183550
47100.000000,236.851101
47150.000000,236.516339
47200.000000,236.179385
47250.000000,235.840365
47300.000000,235.499405
47350.000000,235.156634
47400.000000,234.812178
47450.000000,234.466167
47500.000000,234.118727
47550.000000,233.769983
47600.000000,233.420059
47650.000000,233.069076
47700.000000,232.717151
47750.000000,232.364400
47800.000000,232.010933
47850.000000,231.656858
47900.000000,231.302276
47950.000000,230.947287
48000.000000,230.591983
48050.000000,230.236455
48100.000000,229.880784
48150.000000,229.525050
48200.000000,229.169327
48250.000000,228.813682
48300.000000,228.458181
48350.000000,228.102881
48400.000000,227.747835
48450.000000,227.393094
48500.000000,227.038700
48550.000000,226.684694
48600.000000,226.331110
48650.000000,225.977980
48700.000000,225.625330
48750.000000,225.273183
48800.000000,224.921559
48850.000000,224.570474
48900.000000,224.219940
48950.000000,223.869967
49000.000000,223.520562
49050.000000,223.171730
49100.000000,222.823472
49150.000000,222.475788
49200.000000,222.128677
49250.000000,221.782136
49300.000000,221.436160
49350.000000,221.090743
49400.000000,220.745879
49450.000000,220.401560
49500.000000,220.057779
49550.000000,219.714529
49600.000000,219.371801
49650.000000,219.029587
49700.000000,218.687882
49750.000000,218.346678
49800.000000,218.005968
49850.000000,217.665749
49900.000000,217.326016
49950.000000,216.986764
50000.000000,216.647994
50050.000000,216.309702
50100.000000,215.971891
50150.000000,215.634560
50200.000000,215.297713
50250.000000,214.961353
50300.000000,214.625486
50350.000000,214.290117
50400.000000,213.955254
50450.000000,213.620904
50500.000000,213.287077
50550.000000,212.953781
50600.000000,212.621026
50650.000000,212.288824
50700.000000,211.957184
50750.000000,211.626119
50800.000000,211.295637
50850.000000,210.965751
50900.000000,210.636471
50950.000000,210.307806
51000.000000,209.979766
51050.000000,209.652359
51100.000000,209.325594
51150.000000,208.999478
51200.000000,208.674015
51250.000000,208.349212
51300.000000,208.025072
51350.000000,207.701598
51400.000000,207.378791
51450.000000,207.056652
51500.000000,206.735180
51550.000000,206.414374
51600.000000,206.094230
51650.000000,205.774746
51700.000000,205.455917
51750.000000,205.137738
51800.000000,204.820205
51850.000000,204.503312
51900.000000,204.187053
51950.000000,203.871422
52000.000000,203.556415
52050.000000,203.242027
52100.000000,202.928253
52150.000000,202.615091
52200.000000,202.302538
52250.000000,201.990593
52300.000000,201.679257
52350.000000,201.368532
52400.000000,201.058422
52450.000000,200.748933
52500.000000,200.440072
52550.000000,200.131850
52600.000000,199.824278
52650.000000,199.517370
52700.000000,199.211143
52750.000000,198.905615
52800.000000,198.600807
52850.000000,198.296741
52900.000000,197.993443
52950.000000,197.690939
53000.000000,197.389256
53050.000000,197.088425
53100.000000,196.788475
53150.000000,196.489440
53200.000000,196.191351
53250.000000,195.894241
53300.000000,195.598144
53350.000000,195.303092
53400.000000,195.009119
53450.000000,194.716256
53500.000000,194.424534
53550.000000,194.133983
53600.000000,193.844630
53650.000000,193.556502
53700.000000,193.269621
53750.000000,192.984008
53800.000000,192.699683
53850.000000,192.416660
53900.000000,192.134951
53950.000000,191.854564
54000.000000,191.575505
54050.000000,191.297775
54100.000000,191.021370
54150.000000,190.746286
54200.000000,190.472510
54250.000000,190.200030
54300.000000,189.928825
54350.000000,189.658875
54400.000000,189.390154
54450.000000,189.122630
54500.000000,188.856272
54550.000000,188.591042
54600.000000,188.326899
54650.000000,188.063802
54700.000000,187.801703
54750.000000,187.540553
54800.000000,187.280300
54850.000000,187.020892
54900.000000,186.762271
54950.000000,186.504381
55000.000000,186.247160
55050.000000,185.990548
55100.000000,185.734484
55150.000000,185.478903
55200.000000,185.223742
55250.000000,184.968936
55300.000000,184.714420
55350.000000,184.460130
55400.000000,184.206000
55450.000000,183.951966
55500.000000,183.697964
55550.000000,183.443930
55600.000000,183.189801
55650.000000,182.935516
55700.000000,182.681015
55750.000000,182.426237
55800.000000,182.171126
55850.000000,181.915624
55900.000000,181.659679
55950.000000,181.403238
56000.000000,181.146250
56050.000000,180.888668
56100.000000,180.630446
56150.000000,180.371541
56200.000000,180.111912
56250.000000,179.851523
56300.000000,179.590337
56350.000000,179.328323
56400.000000,179.065452
56450.000000,178.801697
56500.000000,178.537036
56550.000000,178.271449
56600.000000,178.004919
56650.000000,177.737432
56700.000000,177.468977
56750.000000,177.199547
56800.000000,176.929137
56850.000000,176.657744
56900.000000,176.385369
56950.000000,176.112015
57000.000000,175.837689
57050.000000,175.562397
57100.000000,175.286149
57150.000000,175.008956
57200.000000,174.730832
57250.000000,174.451791
57300.000000,174.171848
57350.000000,173.891018
57400.000000,173.609320
57450.000000,173.326769
57500.000000,173.043382
57550.000000,172.759177
57600.000000,172.474167
57650.000000,172.188370
57700.000000,171.901798
57750.000000,171.614466
57800.000000,171.326383
57850.000000,171.037560
57900.000000,170.748005
57950.000000,170.457724
58000.000000,170.166720
58050.000000,169.874997
58100.000000,169.582553
58150.000000,169.289386
58200.000000,168.995492
58250.000000,168.700864
58300.000000,168.405494
58350.000000,168.109370
58400.000000,167.812482
58450.000000,167.514814
58500.000000,167.216352
58550.000000,166.917079
58600.000000,166.616978
58650.000000,166.316030
58700.000000,166.014217
58750.000000,165.711521
58800.000000,165.407921
58850.000000,165.103401
58900.000000,164.797943
58950.000000,164.491530
59000.000000,164.184146
59050.000000,163.875780
59100.000000,163.566418
59150.000000,163.256053
59200.000000,162.944676
59250.000000,162.632285
59300.000000,162.318879
59350.000000,162.004459
59400.000000,161.689034
59450.000000,161.372611
59500.000000,161.055207
59550.000000,160.736839
59600.000000,160.417531
59650.000000,160.097309
59700.000000,159.776207
59750.000000,159.454262
59800.000000,159.131516
59850.000000,158.808018
59900.000000,158.483820
59950.000000,158.158981
60000.000000,157.833566
60050.000000,157.507643
60100.000000,157.181289
60150.000000,156.854585
60200.000000,156.527617
60250.000000,156.200477
60300.000000,155.873264
60350.000000,155.546080
60400.000000,155.219036
60450.000000,154.892246
60500.000000,154.565828
60550.000000,154.239908
60600.000000,153.914615
60650.000000,153.590082
60700.000000,153.266447
60750.000000,152.943852
60800.000000,152.622442
60850.000000,152.302365
60900.000000,151.983772
60950.000000,151.666814
61000.000000,151.351645
61050.000000,151.038421
61100.000000,150.727295
61150.000000,150.418422
61200.000000,150.111953
61250.000000,149.808039
61300.000000,149.506828
61350.000000,149.208463
61400.000000,148.913083
61450.000000,148.620824
61500.000000,148.331812
61550.000000,148.046170
61600.000000,147.764010
61650.000000,147.485439
61700.000000,147.210553
61750.000000,146.939440
61800.000000,146.672177
61850.000000,146.408831
61900.000000,146.149458
61950.000000,145.894104
62000.000000,145.642801
62050.000000,145.395572
62100.000000,145.152428
62150.000000,144.913367
62200.000000,144.678378
62250.000000,144.447438
62300.000000,144.220512
62350.000000,143.997556
62400.000000,143.778515
62450.000000,143.563327
62500.000000,143.351920
62550.000000,143.144212
62600.000000,142.940119
62650.000000,142.739545
62700.000000,142.542392
62750.000000,142.348558
62800.000000,142.157935
62850.000000,141.970413
62900.000000,141.785882
62950.000000,141.604228
63000.000000,141.425339
63050.000000,141.249104
63100.000000,141.075411
63150.000000,140.904154
63200.000000,140.735228
63250.000000,140.568530
63300.000000,140.403965
63350.000000,140.241439
63400.000000,140.080865
63450.000000,139.922161
63500.000000,139.765251
63550.000000,139.610063
63600.000000,139.456533
63650.000000,139.304603
63700.000000,139.154219
63750.000000,139.005334
63800.000000,138.857906
63850.000000,138.711900
63900.000000,138.567283
63950.000000,138.424029
64000.000000,138.282117
64050.000000,138.141527
64100.000000,138.002245
64150.000000,137.864259
64200.000000,137.727561
64250.000000,137.592142
64300.000000,137.457999
64350.000000,137.325126
64400.000000,137.193522
64450.000000,137.063182
64500.000000,136.934106
64550.000000,136.806289
64600.000000,136.679728
64650.000000,136.554419
64700.000000,136.430357
64750.000000,136.307534
64800.000000,136.185944
64850.000000,136.065575
64900.000000,135.946418
64950.000000,135.828459
65000.000000,135.711684
65050.000000,135.596078
65100.000000,135.481623
65150.000000,135.368301
65200.000000,135.256092
65250.000000,135.144977
65300.000000,135.034934
65350.000000,134.925942
65400.000000,134.817979
65450.000000,134.711024
65500.000000,134.605056
65550.000000,134.500055
65600.000000,134.396000
65650.000000,134.292874
65700.000000,134.190658
65750.000000,134.089338
65800.000000,133.988900
65850.000000,133.889331
65900.000000,133.790622
65950.000000,133.692765
66000.000000,133.595754
66050.000000,133.499587
66100.000000,133.404263
66150.000000,133.309783
66200.000000,133.216151
66250.000000,133.123374
66300.000000,133.031459
66350.000000,132.940417
66400.000000,132.850259
66450.000000,132.761000
66500.000000,132.672654
66550.000000,132.585237
66600.000000,132.498766
66650.000000,132.413258
66700.000000,132.328732
66750.000000,132.245205
66800.000000,132.162694
66850.000000,132.081218
66900.000000,132.000791
66950.000000,131.921428
67000.000000,131.843144
67050.000000,131.765950
67100.000000,131.689856
67150.000000,131.614869
67200.000000,131.540994
67250.000000,131.468235
67300.000000,131.396591
67350.000000,131.326059
67400.000000,131.256633
67450.000000,131.188304
67500.000000,131.121059
67550.000000,131.054883
67600.000000,130.989757
67650.000000,130.925659
67700.000000,130.862564
67750.000000,130.800443
67800.000000,130.739265
67850.000000,130.678997
67900.000000,130.619600
67950.000000,130.561035
68000.000000,130.503259
68050.000000,130.446228
68100.000000,130.389896
68150.000000,130.334212
68200.000000,130.279127
68250.000000,130.224587
68300.000000,130.170539
68350.000000,130.116927
68400.000000,130.063696
68450.000000,130.010788
68500.000000,129.958145
68550.000000,129.905710
68600.000000,129.853422
68650.000000,129.801225
68700.000000,129.749059
68750.000000,129.696865
68800.000000,129.644588
68850.000000,129.592168
68900.000000,129.539550
68950.000000,129.486679
69000.000000,129.433502
69050.000000,129.379964
69100.000000,129.326016
69150.000000,129.271609
69200.000000,129.216694
69250.000000,129.161228
69300.000000,129.105166
69350.000000,129.048469
69400.000000,128.991099
69450.000000,128.933020
69500.000000,128.874199
69550.000000,128.814609
69600.000000,128.754221
69650.000000,128.693014
69700.000000,128.630968
69750.000000,128.568066
69800.000000,128.504295
69850.000000,128.439648
69900.000000,128.374118
69950.000000,128.307703
70000.000000,128.240407
70050.000000,128.172235
70100.000000,128.103196
70150.000000,128.033306
70200.000000,127.962582
70250.000000,127.891044
70300.000000,127.818720
70350.000000,127.745637
70400.000000,127.671830
70450.000000,127.597334
70500.000000,127.522190
70550.000000,127.446442
70600.000000,127.370138
70650.000000,127.293328
70700.000000,127.216066
70750.000000,127.138410
70800.000000,127.060420
70850.000000,126.982159
70900.000000,126.903692
70950.000000,126.825089
71000.000000,126.746420
71050.000000,126.667758
71100.000000,126.589178
71150.000000,126.510756
71200.000000,126.432572
71250.000000,126.354704
71300.000000,126.277234
71350.000000,126.200242
71400.000000,126.123811
71450.000000,126.048023
71500.000000,125.972959
71550.000000,125.898703
71600.000000,125.825333
71650.000000,125.752931
71700.000000,125.681574
71750.000000,125.611339
71800.000000,125.542301
71850.000000,125.474530
71900.000000,125.408097
71950.000000,125.343067
72000.000000,125.279503
72050.000000,125.217462
72100.000000,125.156999
72150.000000,125.098165
72200.000000,125.041003
72250.000000,124.985554
72300.000000,124.931852
72350.000000,124.879928
72400.000000,124.829806
72450.000000,124.781503
72500.000000,124.735031
72550.000000,124.690399
72600.000000,124.647606
72650.000000,124.606648
72700.000000,124.567514
72750.000000,124.530188
72800.000000,124.494648
72850.000000,124.460868
72900.000000,124.428815
72950.000000,124.398452
73000.000000,124.369738
73050.000000,124.342628
73100.000000,124.317071
73150.000000,124.293015
73200.000000,124.270402
73250.000000,124.249174
73300.000000,124.229269
73350.000000,124.210622
73400.000000,124.193168
73450.000000,124.176840
73500.000000,124.161568
73550.000000,124.147285
73600.000000,124.133922
73650.000000,124.121408
73700.000000,124.109674
73750.000000,124.098654
73800.000000,124.088279
73850.000000,124.078484
73900.000000,124.069202
73950.000000,124.060373
74000.000000,124.051933
74050.000000,124.043824
74100.000000,124.035988
74150.000000,124.028371
74200.000000,124.020919
74250.000000,124.013584
74300.000000,124.006316
74350.000000,123.999072
74400.000000,123.991808
74450.000000,123.984486
74500.000000,123.977067
74550.000000,123.969517
74600.000000,123.961805
74650.000000,123.953901
74700.000000,123.945778
74750.000000,123.937412
74800.000000,123.928782
74850.000000,123.919867
74900.000000,123.910652
74950.000000,123.901121
75000.000000,123.891261
75050.000000,123.881063
75100.000000,123.870519
75150.000000,123.859620
75200.000000,123.848365
75250.000000,123.836748
75300.000000,123.824770
75350.000000,123.812431
75400.000000,123.799734
75450.000000,123.786680
75500.000000,123.773277
75550.000000,123.759528
75600.000000,123.745443
75650.000000,123.731027
75700.000000,123.716291
75750.000000,123.701244
75800.000000,123.685897
75850.000000,123.670260
75900.000000,123.654344
75950.000000,123.638163
76000.000000,123.621727
76050.000000,123.605049
76100.000000,123.588141
76150.000000,123.571016
76200.000000,123.553686
76250.000000,123.536164
76300.000000,123.518461
76350.000000,123.500590
76400.000000,123.482561
76450.000000,123.464387
76500.000000,123.446077
76550.000000,123.427642
76600.000000,123.409093
76650.000000,123.390438
76700.000000,123.371686
76750.000000,123.352847
76800.000000,123.333928
76850.000000,123.314935
76900.000000,123.295878
76950.000000,123.276760
77000.000000,123.257589
77050.000000,123.238370
77100.000000,123.219107
77150.000000,123.199805
77200.000000,123.180468
77250.000000,123.161099
77300.000000,123.141700
77350.000000,123.122276
77400.000000,123.102826
77450.000000,123.083354
77500.000000,123.063859
77550.000000,123.044343
77600.000000,123.024806
77650.000000,123.005247
77700.000000,122.985666
77750.000000,122.966062
77800.000000,122.946432
77850.000000,122.926775
77900.000000,122.907087
77950.000000,122.887366
78000.000000,122.867606
78050.000000,122.847804
78100.000000,122.827954
78150.000000,122.808049
78200.000000,122.788084
78250.000000,122.768049
78300.000000,122.747938
78350.000000,122.727740
78400.000000,122.707445
78450.000000,122.687042
78500.000000,122.666520
78550.000000,122.645863
78600.000000,122.625060
78650.000000,122.604094
78700.000000,122.582949
78750.000000,122.561609
78800.000000,122.540056
78850.000000,122.518270
78900.000000,122.496232
78950.000000,122.473921
79000.000000,122.451316
79050.000000,122.428395
79100.000000,122.405134
79150.000000,122.381511
79200.000000,122.357502
79250.000000,122.333083
79300.000000,122.308230
79350.000000,122.282918
79400.000000,122.257123
79450.000000,122.230821
79500.000000,122.203988
79550.000000,122.176601
79600.000000,122.148636
79650.000000,122.120073
79700.000000,122.090889
79750.000000,122.061065
79800.000000,122.030581
79850.000000,121.999420
79900.000000,121.967564
79950.000000,121.934998
80000.000000,121.901708
80050.000000,121.867681
80100.000000,121.832907
80150.000000,121.797375
80200.000000,121.761078
80250.000000,121.724007
80300.000000,121.686158
80350.000000,121.647525
80400.000000,121.608106
80450.000000,121.567898
80500.000000,121.526899
80550.000000,121.485108
80600.000000,121.442523
80650.000000,121.399146
80700.000000,121.354974
80750.000000,121.310007
80800.000000,121.264244
80850.000000,121.217682
80900.000000,121.170319
80950.000000,121.122151
81000.000000,121.073171
81050.000000,121.023372
81100.000000,120.972745
81150.000000,120.921279
81200.000000,120.868961
81250.000000,120.815775
81300.000000,120.761702
81350.000000,120.706722
81400.000000,120.650812
81450.000000,120.593945
81500.000000,120.536095
81550.000000,120.477229
81600.000000,120.417315
81650.000000,120.356318
81700.000000,120.294199
81750.000000,120.230921
81800.000000,120.166441
81850.000000,120.100718
81900.000000,120.033710
81950.000000,119.965371
82000.000000,119.895658
82050.000000,119.824528
82100.000000,119.751936
82150.000000,119.677840
82200.000000,119.602200
82250.000000,119.524974
82300.000000,119.446127
82350.000000,119.365622
82400.000000,119.283428
82450.000000,119.199517
82500.000000,119.113862
82550.000000,119.026443
82600.000000,118.937243
82650.000000,118.846249
82700.000000,118.753452
82750.000000,118.658851
82800.000000,118.562447
82850.000000,118.464247
82900.000000,118.364264
82950.000000,118.262514
83000.000000,118.159021
83050.000000,118.053812
83100.000000,117.946919
83150.000000,117.838382
83200.000000,117.728240
83250.000000,117.616543
83300.000000,117.503339
83350.000000,117.388685
83400.000000,117.272639
83450.000000,117.155263
83500.000000,117.036622
83550.000000,116.916784
83600.000000,116.795820
83650.000000,116.673801
83700.000000,116.550801
83750.000000,116.426897
83800.000000,116.302164
83850.000000,116.176680
83900.000000,116.050521
83950.000000,115.923766
84000.000000,115.796491
84050.000000,115.668773
84100.000000,115.540687
84150.000000,115.412308
84200.000000,115.283709
84250.000000,115.154962
84300.000000,115.026135
84350.000000,114.897297
84400.000000,114.768512
84450.000000,114.639843
84500.000000,114.511351
84550.000000,114.383093
84600.000000,114.255123
84650.000000,114.127493
84700.000000,114.000251
84750.000000,113.873443
84800.000000,113.747112
84850.000000,113.621295
84900.000000,113.496029
84950.000000,113.371345
85000.000000,113.247274
85050.000000,113.123839
85100.000000,113.001064
85150.000000,112.878968
85200.000000,112.757565
85250.000000,112.636869
85300.000000,112.516889
85350.000000,112.397631
85400.000000,112.279099
85450.000000,112.161292
85500.000000,112.044209
85550.000000,111.927845
85600.000000,111.812191
85650.000000,111.697239
85700.000000,111.582976
85750.000000,111.469389
85800.000000,111.356461
85850.000000,111.244175
85900.000000,111.132512
85950.000000,111.021451
86000.000000,110.910971
86050.000000,110.801049
86100.000000,110.691662
86150.000000,110.582786
86200.000000,110.474396
86250.000000,110.366468
86300.000000,110.258977
86350.000000,110.151898
86400.000000,110.045205
86450.000000,109.938876
86500.000000,109.832884
86550.000000,109.727208
86600.000000,109.621824
86650.000000,109.516709
86700.000000,109.411842
86750.000000,109.307202
86800.000000,109.202769
86850.000000,109.098524
86900.000000,108.994448
86950.000000,108.890525
87000.000000,108.786737
87050.000000,108.683069
87100.000000,108.579504
87150.000000,108.476030
87200.000000,108.372631
87250.000000,108.269295
87300.000000,108.166008
87350.000000,108.062756
87400.000000,107.959528
87450.000000,107.856310
87500.000000,107.753088
87550.000000,107.649848
87600.000000,107.546576
87650.000000,107.443255
87700.000000,107.339869
87750.000000,107.236398
87800.000000,107.132822
87850.000000,107.029118
87900.000000,106.925261
87950.000000,106.821221
88000.000000,106.716968
88050.000000,106.612466
88100.000000,106.507676
88150.000000,106.402554
88200.000000,106.297051
88250.000000,106.191115
88300.000000,106.084686
88350.000000,105.977699
88400.000000,105.870083
88450.000000,105.761760
88500.000000,105.652647
88550.000000,105.542653
88600.000000,105.431678
88650.000000,105.319617
88700.000000,105.206358
88750.000000,105.091780
88800.000000,104.975755
88850.000000,104.858149
88900.000000,104.738819
88950.000000,104.617618
89000.000000,104.494389
89050.000000,104.368973
89100.000000,104.241203
89150.000000,104.110908
89200.000000,103.977912
89250.000000,103.842038
89300.000000,103.703104
89350.000000,103.560928
89400.000000,103.415327
89450.000000,103.266118
89500.000000,103.113120
89550.000000,102.956156
89600.000000,102.795051
89650.000000,102.629637
89700.000000,102.459750
89750.000000,102.285236
89800.000000,102.105947
89850.000000,101.921749
89900.000000,101.732515
89950.000000,101.538133
90000.000000,101.338502
90050.000000,101.133536
90100.000000,100.923164
90150.000000,100.707331
90200.000000,100.485998
90250.000000,100.259143
90300.000000,100.026761
90350.000000,99.788866
90400.000000,99.545488
90450.000000,99.296678
90500.000000,99.042501
90550.000000,98.783043
90600.000000,98.518407
90650.000000,98.248714
90700.000000,97.974100
90750.000000,97.694718
90800.000000,97.410737
90850.000000,97.122342
90900.000000,96.829729
90950.000000,96.533110
91000.000000,96.232709
91050.000000,95.928759
91100.000000,95.621505
91150.000000,95.311200
91200.000000,94.998107
91250.000000,94.682494
91300.000000,94.364634
91350.000000,94.044807
91400.000000,93.723295
91450.000000,93.400381
91500.000000,93.076352
91550.000000,92.751493
91600.000000,92.426087
91650.000000,92.100418
91700.000000,91.774765
91750.000000,91.449402
91800.000000,91.124599
91850.000000,90.800619
91900.000000,90.477721
91950.000000,90.156151
92000.000000,89.836151
92050.000000,89.517951
92100.000000,89.201773
92150.000000,88.887826
92200.000000,88.576309
92250.000000,88.267408
92300.000000,87.961299
92350.000000,87.658143
92400.000000,87.358088
92450.000000,87.061270
92500.000000,86.767811
92550.000000,86.477819
92600.000000,86.191388
92650.000000,85.908599
92700.000000,85.629520
92750.000000,85.354204
92800.000000,85.082693
92850.000000,84.815015
92900.000000,84.551187
92950.000000,84.291213
93000.000000,84.035089
93050.000000,83.782797
93100.000000,83.534312
93150.000000,83.289601
93200.000000,83.048620
93250.000000,82.811321
93300.000000,82.577650
93350.000000,82.347546
93400.000000,82.120947
93450.000000,81.897784
93500.000000,81.677991
93550.000000,81.461497
93600.000000,81.248233
93650.000000,81.038129
93700.000000,80.831118
93750.000000,80.627136
93800.000000,80.426121
93850.000000,80.228014
93900.000000,80.032763
93950.000000,79.840318
94000.000000,79.650636
94050.000000,79.463678
94100.000000,79.279412
94150.000000,79.097811
94200.000000,78.918854
94250.000000,78.742526
94300.000000,78.568817
94350.000000,78.397722
94400.000000,78.229240
94450.000000,78.063377
94500.000000,77.900140
94550.000000,77.739542
94600.000000,77.581596
94650.000000,77.426320
94700.000000,77.273731
94750.000000,77.123848
94800.000000,76.976690
94850.000000,76.832276
94900.000000,76.690623
94950.000000,76.551747
95000.000000,76.415660
95050.000000,76.282375
95100.000000,76.151896
95150.000000,76.024228
95200.000000,75.899370
95250.000000,75.777316
95300.000000,75.658056
95350.000000,75.541576
95400.000000,75.427856
95450.000000,75.316872
95500.000000,75.208594
95550.000000,75.102987
95600.000000,75.000015
95650.000000,74.899635
95700.000000,74.801799
95750.000000,74.706460
95800.000000,74.613563
95850.000000,74.523054
95900.000000,74.434875
95950.000000,74.348969
96000.000000,74.265275
96050.000000,74.183733
96100.000000,74.104283
96150.000000,74.026865
96200.000000,73.951421
96250.000000,73.877895
96300.000000,73.806230
96350.000000,73.736375
96400.000000,73.668278
96450.000000,73.601894
96500.000000,73.537177
96550.000000,73.474088
96600.000000,73.412590
96650.000000,73.352648
96700.000000,73.294233
96750.000000,73.237319
96800.000000,73.181883
96850.000000,73.127905
96900.000000,73.075369
96950.000000,73.024261
97000.000000,72.974571
97050.000000,72.926290
97100.000000,72.879412
97150.000000,72.833932
97200.000000,72.789848
97250.000000,72.747155
97300.000000,72.705854
97350.000000,72.665942
97400.000000,72.627417
97450.000000,72.590278
97500.000000,72.554523
97550.000000,72.520146
97600.000000,72.487142
97650.000000,72.455505
97700.000000,72.425226
97750.000000,72.396294
97800.000000,72.368695
97850.000000,72.342415
97900.000000,72.317436
97950.000000,72.293736
98000.000000,72.271295
98050.000000,72.250086
98100.000000,72.230083
98150.000000,72.211255
98200.000000,72.193571
98250.000000,72.176997
98300.000000,72.161498
98350.000000,72.147037
98400.000000,72.133574
98450.000000,72.121071
98500.000000,72.109485
98550.000000,72.098777
98600.000000,72.088903
98650.000000,72.079822
98700.000000,72.071491
98750.000000,72.063868
98800.000000,72.056911
98850.000000,72.050579
98900.000000,72.044831
98950.000000,72.039629
99000.000000,72.034933
99050.000000,72.030706
99100.000000,72.026912
99150.000000,72.023518
99200.000000,72.020489
99250.000000,72.017795
99300.000000,72.015406
99350.000000,72.013293
99400.000000,72.011431
99450.000000,72.009794
99500.000000,72.008360
99550.000000,72.007106
99600.000000,72.006013
99650.000000,72.005061
99700.000000,72.004235
99750.000000,72.003517
99800.000000,72.002893
99850.000000,72.002350
99900.000000,72.001874
99950.000000,72.001454
100000.000000,72.001080
100050.000000,72.000740
100100.000000,72.000425
100150.000000,72.000127
100200.000000,71.999835
100250.000000,71.999541
100300.000000,71.999237
100350.000000,71.998913
100400.000000,71.998561
100450.000000,71.998173
100500.000000,71.997737
100550.000000,71.997246
100600.000000,71.996687
100650.000000,71.996051
100700.000000,71.995326
100750.000000,71.994499
100800.000000,71.993557
100850.000000,71.992486
100900.000000,71.991271
100950.000000,71.989897
101000.000000,71.988345
101050.000000,71.986600
101100.000000,71.984641
101150.000000,71.982449
101200.000000,71.980004
101250.000000,71.977283
101300.000000,71.974266
101350.000000,71.970928
101400.000000,71.967246
101450.000000,71.963196
101500.000000,71.958752
101550.000000,71.953890
101600.000000,71.948585
101650.000000,71.942811
101700.000000,71.936542
101750.000000,71.929755
101800.000000,71.922423
101850.000000,71.914522
101900.000000,71.906031
101950.000000,71.896925
102000.000000,71.887184
102050.000000,71.876788
102100.000000,71.865719
102150.000000,71.853959
102200.000000,71.841494
102250.000000,71.828312
102300.000000,71.814401
102350.000000,71.799753
102400.000000,71.784363
102450.000000,71.768229
102500.000000,71.751349
102550.000000,71.733727
102600.000000,71.715370
102650.000000,71.696285
102700.000000,71.676486
102750.000000,71.655988
102800.000000,71.634811
102850.000000,71.612976
102900.000000,71.590511
102950.000000,71.567443
103000.000000,71.543806
103050.000000,71.519636
103100.000000,71.494972
103150.000000,71.469857
103200.000000,71.444337
103250.000000,71.418461
103300.000000,71.392280
103350.000000,71.365849
103400.000000,71.339226
103450.000000,71.312471
103500.000000,71.285645
103550.000000,71.258813
103600.000000,71.232041
103650.000000,71.205397
103700.000000,71.178951
103750.000000,71.152773
103800.000000,71.126934
103850.000000,71.101506
103900.000000,71.076562
103950.000000,71.052174
104000.000000,71.028414
104050.000000,71.005354
104100.000000,70.983063
104150.000000,70.961611
104200.000000,70.941066
104250.000000,70.921492
104300.000000,70.902953
104350.000000,70.885508
104400.000000,70.869215
104450.000000,70.854129
104500.000000,70.840298
104550.000000,70.827769
104600.000000,70.816584
104650.000000,70.806779
104700.000000,70.798388
104750.000000,70.791437
104800.000000,70.785948
104850.000000,70.781937
104900.000000,70.779415
104950.000000,70.778387
105000.000000,70.778852
105050.000000,70.780802
105100.000000,70.784224
105150.000000,70.789100
105200.000000,70.795403
105250.000000,70.803103
105300.000000,70.812163
105350.000000,70.822538
105400.000000,70.834181
105450.000000,70.847037
105500.000000,70.861047
105550.000000,70.876145
105600.000000,70.892262
105650.000000,70.909324
105700.000000,70.927253
105750.000000,70.945964
105800.000000,70.965373
105850.000000,70.985389
105900.000000,71.005919
105950.000000,71.026868
106000.000000,71.048138
106050.000000,71.069630
106100.000000,71.091243
106150.000000,71.112873
106200.000000,71.134420
106250.000000,71.155778
106300.000000,71.176846
106350.000000,71.197522
106400.000000,71.217703
106450.000000,71.237291
106500.000000,71.256188
106550.000000,71.274297
106600.000000,71.291527
106650.000000,71.307787
106700.000000,71.322992
106750.000000,71.337058
106800.000000,71.349909
106850.000000,71.361470
106900.000000,71.371672
106950.000000,71.380453
107000.000000,71.387755
107050.000000,71.393524
107100.000000,71.397716
107150.000000,71.400289
107200.000000,71.401209
107250.000000,71.400450
107300.000000,71.397990
107350.000000,71.393814
107400.000000,71.387914
107450.000000,71.380289
107500.000000,71.370943
107550.000000,71.359887
107600.000000,71.347139
107650.000000,71.332722
107700.000000,71.316665
107750.000000,71.299002
107800.000000,71.279774
107850.000000,71.259026
107900.000000,71.236807
107950.000000,71.213172
108000.000000,71.188178
108050.000000,71.161888
108100.000000,71.134366
108150.000000,71.105681
108200.000000,71.075904
108250.000000,71.045105
108300.000000,71.013361
108350.000000,70.980747
108400.000000,70.947340
108450.000000,70.913216
108500.000000,70.878453
108550.000000,70.843128
108600.000000,70.807319
108650.000000,70.771100
108700.000000,70.734547
108750.000000,70.697733
108800.000000,70.660730
108850.000000,70.623607
108900.000000,70.586432
108950.000000,70.549269
109000.000000,70.512182
109050.000000,70.475229
109100.000000,70.438468
109150.000000,70.401951
109200.000000,70.365730
109250.000000,70.329851
109300.000000,70.294358
109350.000000,70.259291
109400.000000,70.224686
109450.000000,70.190578
109500.000000,70.156996
109550.000000,70.123965
109600.000000,70.091508
109650.000000,70.059645
109700.000000,70.028392
109750.000000,69.997760
109800.000000,69.967758
109850.000000,69.938393
109900.000000,69.909668
109950.000000,69.881582
110000.000000,69.854131
110050.000000,69.827312
110100.000000,69.801115
110150.000000,69.775529
110200.000000,69.750541
110250.000000,69.726137
110300.000000,69.702299
110350.000000,69.679009
110400.000000,69.656245
110450.000000,69.633987
110500.000000,69.612211
110550.000000,69.590893
110600.000000,69.570007
110650.000000,69.549529
110700.000000,69.529431
110750.000000,69.509687
110800.000000,69.490270
110850.000000,69.471152
110900.000000,69.452307
110950.000000,69.433707
111000.000000,69.415326
111050.000000,69.397138
111100.000000,69.379116
111150.000000,69.361236
111200.000000,69.343474
111250.000000,69.325806
111300.000000,69.308209
111350.000000,69.290662
111400.000000,69.273143
111450.000000,69.255634
111500.000000,69.238116
111550.000000,69.220572
111600.000000,69.202986
111650.000000,69.185342
111700.000000,69.167627
111750.000000,69.149830
111800.000000,69.131938
111850.000000,69.113942
111900.000000,69.095834
111950.000000,69.077606
112000.000000,69.059253
112050.000000,69.040770
112100.000000,69.022154
112150.000000,69.003403
112200.000000,68.984516
112250.000000,68.965493
112300.000000,68.946337
112350.000000,68.927050
112400.000000,68.907637
112450.000000,68.888104
112500.000000,68.868455
112550.000000,68.848700
112600.000000,68.828848
112650.000000,68.808907
112700.000000,68.788890
112750.000000,68.768809
112800.000000,68.748675
112850.000000,68.728504
112900.000000,68.708310
112950.000000,68.688109
113000.000000,68.667918
113050.000000,68.647753
113100.000000,68.627634
113150.000000,68.607578
113200.000000,68.587605
113250.000000,68.567734
113300.000000,68.547986
113350.000000,68.528380
113400.000000,68.508938
113450.000000,68.489681
113500.000000,68.470628
113550.000000,68.451801
113600.000000,68.433220
113650.000000,68.414905
113700.000000,68.396877
113750.000000,68.379153
113800.000000,68.361754
113850.000000,68.344696
113900.000000,68.327997
113950.000000,68.311673
114000.000000,68.295739
114050.000000,68.280207
114100.000000,68.265091
114150.000000,68.250401
114200.000000,68.236147
114250.000000,68.222335
114300.000000,68.208973
114350.000000,68.196064
114400.000000,68.183610
114450.000000,68.171611
114500.000000,68.160065
114550.000000,68.148969
114600.000000,68.138316
114650.000000,68.128098
114700.000000,68.118305
114750.000000,68.108923
114800.000000,68.099938
114850.000000,68.091332
114900.000000,68.083086
114950.000000,68.075178
115000.000000,68.067585
115050.000000,68.060281
115100.000000,68.053238
115150.000000,68.046427
115200.000000,68.039815
115250.000000,68.033369
115300.000000,68.027054
115350.000000,68.020833
115400.000000,68.014669
115450.000000,68.008521
115500.000000,68.002349
115550.000000,67.996112
115600.000000,67.989767
115650.000000,67.983271
115700.000000,67.976580
115750.000000,67.969651
115800.000000,67.962439
115850.000000,67.954900
115900.000000,67.946990
115950.000000,67.938667
116000.000000,67.929887
116050.000000,67.920610
116100.000000,67.910793
116150.000000,67.900398
116200.000000,67.889388
116250.000000,67.877725
116300.000000,67.865375
116350.000000,67.852306
116400.000000,67.838487
116450.000000,67.823892
116500.000000,67.808494
116550.000000,67.792270
116600.000000,67.775201
116650.000000,67.757269
116700.000000,67.738459
116750.000000,67.718761
116800.000000,67.698165
116850.000000,67.676666
116900.000000,67.654261
116950.000000,67.630951
117000.000000,67.606738
117050.000000,67.581628
117100.000000,67.555630
117150.000000,67.528755
117200.000000,67.501017
117250.000000,67.472432
117300.000000,67.443018
117350.000000,67.412794
117400.000000,67.381785
117450.000000,67.350012
117500.000000,67.317501
117550.000000,67.284279
117600.000000,67.250373
117650.000000,67.215811
117700.000000,67.180624
117750.000000,67.144839
117800.000000,67.108488
117850.000000,67.071599
117900.000000,67.034204
117950.000000,66.996331
118000.000000,66.958011
118050.000000,66.919271
118100.000000,66.880140
118150.000000,66.840646
118200.000000,66.800814
118250.000000,66.760672
118300.000000,66.720242
118350.000000,66.679550
118400.000000,66.638616
118450.000000,66.597464
118500.000000,66.556113
118550.000000,66.514582
118600.000000,66.472890
118650.000000,66.431053
118700.000000,66.389088
118750.000000,66.347010
118800.000000,66.304833
118850.000000,66.262571
118900.000000,66.220236
118950.000000,66.177840
119000.000000,66.135396
119050.000000,66.092913
119100.000000,66.050404
119150.000000,66.007879
119200.000000,65.965348
119250.000000,65.922822
119300.000000,65.880311
119350.000000,65.837827
119400.000000,65.795380
119450.000000,65.752982
119500.000000,65.710645
119550.000000,65.668383
119600.000000,65.626209
119650.000000,65.584136
119700.000000,65.542181
119750.000000,65.500360
119800.000000,65.458689
119850.000000,65.417188
119900.000000,65.375875
119950.000000,65.334772
120000.000000,65.293899
120050.000000,65.253279
120100.000000,65.212936
120150.000000,65.172896
120200.000000,65.133184
120250.000000,65.093826
120300.000000,65.054851
120350.000000,65.016288
120400.000000,64.978164
120450.000000,64.940511
120500.000000,64.903358
120550.000000,64.866735
120600.000000,64.830674
120650.000000,64.795204
120700.000000,64.760355
120750.000000,64.726159
120800.000000,64.692642
120850.000000,64.659835
120900.000000,64.627764
120950.000000,64.596456
121000.000000,64.565935
121050.000000,64.536225
121100.000000,64.507347
121150.000000,64.479321
121200.000000,64.452164
121250.000000,64.425892
121300.000000,64.400519
121350.000000,64.376054
121400.000000,64.352506
121450.000000,64.329882
121500.000000,64.308184
121550.000000,64.287412
121600.000000,64.267565
121650.000000,64.248638
121700.000000,64.230623
121750.000000,64.213512
121800.000000,64.197291
121850.000000,64.181946
121900.000000,64.167461
121950.000000,64.153816
122000.000000,64.140992
122050.000000,64.128965
122100.000000,64.117711
122150.000000,64.107204
122200.000000,64.097419
122250.000000,64.088326
122300.000000,64.079897
122350.000000,64.072104
122400.000000,64.064915
122450.000000,64.058300
122500.000000,64.052230
122550.000000,64.046674
122600.000000,64.041602
122650.000000,64.036984
122700.000000,64.032791
122750.000000,64.028994
122800.000000,64.025566
122850.000000,64.022480
122900.000000,64.019709
122950.000000,64.017229
123000.000000,64.015016
123050.000000,64.013047
123100.000000,64.011302
123150.000000,64.009758
123200.000000,64.008398
123250.000000,64.007204
123300.000000,64.006158
123350.000000,64.005246
123400.000000,64.004453
123450.000000,64.003767
123500.000000,64.003174
123550.000000,64.002664
123600.000000,64.002228
123650.000000,64.001855
123700.000000,64.001539
123750.000000,64.001271
123800.000000,64.001045
123850.000000,64.000856
123900.000000,64.000697
123950.000000,64.000566
124000.000000,64.000456
124050.000000,64.000367
124100.000000,64.000293
124150.000000,64.000233
124200.000000,64.000184
124250.000000,64.000144
124300.000000,64.000113
124350.000000,64.000088
124400.000000,64.000068
124450.000000,64.000052
124500.000000,64.000039
124550.000000,64.000030
124600.000000,64.000022
124650.000000,64.000017
124700.000000,64.000012
124750.000000,64.000009
124800.000000,64.000006
124850.000000,64.000005
124900.000000,64.000003
124950.000000,64.000002
125000.000000,64.000002
125050.000000,64.000001
125100.000000,64.000001
125150.000000,64.000000
125200.000000,64.000000
125250.000000,64.000000
125300.000000,64.000000
125350.000000,64.000000
125400.000000,64.000000
125450.000000,64.000000
125500.000000,64.000000
125550.000000,64.000000
125600.000000,64.000000
125650.000000,64.000000
125700.000000,64.000000
125750.000000,64.000000
125800.000000,64.000000
125850.000000,64.000000
125900.000000,64.000000
125950.000000,64.000000
126000.000000,64.000000
126050.000000,64.000000
126100.000000,64.000000
126150.000000,64.000000
126200.000000,64.000000
126250.000000,64.000000
126300.000000,64.000000
126350.000000,64.000000
126400.000000,64.000000
126450.000000,64.000000
126500.000000,64.000000
126550.000000,64.000000
126600.000000,64.000000
126650.000000,64.000000
126700.000000,64.000000
126750.000000,64.000000
126800.000000,64.000000
126850.000000,64.000000
126900.000000,64.000000
126950.000000,64.000000
127000.000000,64.000000
127050.000000,64.000000
127100.000000,64.000000
127150.000000,64.000000
127200.000000,64.000000
127250.000000,64.000000
127300.000000,64.000000
127350.000000,64.000000
127400.000000,64.000000
127450.000000,64.000000
127500.000000,64.000000
127550.000000,64.000000
127600.000000,64.000000
127650.000000,64.000000
127700.000000,64.000000
127750.000000,64.000000
127800.000000,64.000000
127850.000000,64.000000
127900.000000,64.000000
127950.000000,64.000000
128000.000000,64.000000
128050.000000,64.000000
128100.000000,64.000000
128150.000000,64.000000
128200.000000,64.000000
128250.000000,64.000000
128300.000000,64.000000
128350.000000,64.000000
128400.000000,64.000000
128450.000000,64.000000
128500.000000,64.000000
128550.000000,64.000000
128600.000000,64.000000
128650.000000,64.000000
128700.000000,64.000000
128750.000000,64.000000
128800.000000,64.000000
128850.000000,64.000000
128900.000000,64.000000
128950.000000,64.000000
129000.000000,64.000000
129050.000000,64.000000
129100.000000,64.000000
129150.000000,64.000000
129200.000000,64.000000
129250.000000,64.000000
129300.000000,64.000000
129350.000000,64.000000
129400.000000,64.000000
129450.000000,64.000000
129500.000000,64.000000
129550.000000,64.000000
129600.000000,64.000000
129650.000000,64.000000
129700.000000,64.000000
129750.000000,64.000000
129800.000000,64.000000
129850.000000,64.000000
129900.000000,64.000000
129950.000000,64.000000
130000.000000,64.000000
130050.000000,64.000000
130100.000000,64.000000
130150.000000,64.000000
130200.000000,64.000000
130250.000000,64.000000
130300.000000,64.000000
130350.000000,64.000000
130400.000000,64.000000
130450.000000,64.000000
130500.000000,64.000000
130550.000000,64.000000
130600.000000,64.000000
130650.000000,64.000000
130700.000000,64.000000
130750.000000,64.000000
130800.000000,64.000000
130850.000000,64.000000
130900.000000,64.000000
130950.000000,64.000000
131000.000000,64.000000
131050.000000,64.000000
131100.000000,64.000000
131150.000000,64.000000
131200.000000,64.000000
131250.000000,64.000000
131300.000000,64.000000
131350.000000,64.000000
131400.000000,64.000000
131450.000000,64.000000
131500.000000,64.000000
131550.000000,64.000000
131600.000000,64.000000
131650.000000,64.000000
131700.000000,64.000000
131750.000000,64.000000
131800.000000,64.000000
131850.000000,64.000000
131900.000000,64.000000
131950.000000,64.000000
132000.000000,64.000000
132050.000000,64.000000
132100.000000,64.000000
132150.000000,64.000000
132200.000000,64.000000
132250.000000,64.000000
132300.000000,64.000000
132350.000000,64.000000
132400.000000,64.000000
132450.000000,64.000000
132500.000000,64.000000
132550.000000,64.000000
132600.000000,64.000000
132650.000000,64.000000
132700.000000,64.000000
132750.000000,64.000000
132800.000000,64.000000
132850.000000,64.000000
132900.000000,64.000000
132950.000000,64.000000
133000.000000,64.000000
133050.000000,64.000000
133100.000000,64.000000
133150.000000,64.000000
133200.000000,64.000000
133250.000000,64.000000
133300.000000,64.000000
133350.000000,64.000000
133400.000000,64.000000
133450.000000,64.000000
133500.000000,64.000000
133550.000000,64.000000
133600.000000,64.000000
133650.000000,64.000000
133700.000000,64.000000
133750.000000,64.000000
133800.000000,64.000000
133850.000000,64.000000
133900.000000,64.000000
133950.000000,64.000000
134000.000000,64.000000
134050.000000,64.000000
134100.000000,64.000000
134150.000000,64.000000
134200.000000,64.000000
134250.000000,64.000000
134300.000000,64.000000
134350.000000,64.000000
134400.000000,64.000000
134450.000000,64.000000
134500.000000,64.000000
134550.000000,64.000000
134600.000000,64.000000
134650.000000,64.000000
134700.000000,64.000000
134750.000000,64.000000
134800.000000,64.000000
134850.000000,64.000000
134900.000000,64.000000
134950.000000,64.000000
135000.000000,64.000000
135050.000000,64.000000
135100.000000,64.000000
135150.000000,64.000000
135200.000000,64.000000
135250.000000,64.000000
135300.000000,64.000000
135350.000000,64.000000
135400.000000,64.000000
135450.000000,64.000000
135500.000000,64.000000
135550.000000,64.000000
135600.000000,64.000000
135650.000000,64.000000
135700.000000,64.000000
135750.000000,64.000000
135800.000000,64.000000
135850.000000,64.000000
135900.000000,64.000000
135950.000000,64.000000
136000.000000,64.000000
136050.000000,64.000000
136100.000000,64.000000
136150.000000,64.000000
136200.000000,64.000000
136250.000000,64.000000
136300.000000,64.000000
136350.000000,64.000000
136400.000000,64.000000
136450.000000,64.000000
136500.000000,64.000000
136550.000000,64.000000
136600.000000,64.000000
136650.000000,64.000000
136700.000000,64.000000
136750.000000,64.000000
136800.000000,64.000000
136850.000000,64.000000
136900.000000,64.000000
136950.000000,64.000000
137000.000000,64.000000
137050.000000,64.000000
137100.000000,64.000000
137150.000000,64.000000
137200.000000,64.000000
137250.000000,64.000000
137300.000000,64.000000
137350.000000,64.000000
137400.000000,64.000000
137450.000000,64.000000
137500.000000,64.000000
137550.000000,64.000000
137600.000000,64.000000
137650.000000,64.000000
137700.000000,64.000000
137750.000000,64.000000
137800.000000,64.000000
137850.000000,64.000000
137900.000000,64.000000
137950.000000,64.000000
138000.000000,64.000000
138050.000000,64.000000
138100.000000,64.000000
138150.000000,64.000000
138200.000000,64.000000
138250.000000,64.000000
138300.000000,64.000000
138350.000000,64.000000
138400.000000,64.000000
138450.000000,64.000000
138500.000000,64.000000
138550.000000,64.000000
138600.000000,64.000000
138650.000000,64.000000
138700.000000,64.000000
138750.000000,64.000000
138800.000000,64.000000
138850.000000,64.000000
138900.000000,64.000000
138950.000000,64.000000
139000.000000,64.000000
139050.000000,64.000000
139100.000000,64.000000
139150.000000,64.000000
139200.000000,64.000000
139250.000000,64.000000
139300.000000,64.000000
139350.000000,64.000000
139400.000000,64.000000
139450.000000,64.000000
139500.000000,64.000000
139550.000000,64.000000
139600.000000,64.000000
139650.000000,64.000000
139700.000000,64.000000
139750.000000,64.000000
139800.000000,64.000000
139850.000000,64.000000
139900.000000,64.000000
139950.000000,64.000000
140000.000000,64.000000
140050.000000,64.000000
140100.000000,64.000000
140150.000000,64.000000
140200.000000,64.000000
140250.000000,64.000000
140300.000000,64.000000
140350.000000,64.000000
140400.000000,64.000000
140450.000000,64.000000
140500.000000,64.000000
140550.000000,64.000000
140600.000000,64.000000
140650.000000,64.000000
140700.000000,64.000000
140750.000000,64.000000
140800.000000,64.000000
140850.000000,64.000000
140900.000000,64.000000
140950.000000,64.000000
141000.000000,64.000000
141050.000000,64.000000
141100.000000,64.000000
141150.000000,64.000000
141200.000000,64.000000
141250.000000,64.000000
141300.000000,64.000000
141350.000000,64.000000
141400.000000,64.000000
141450.000000,64.000000
141500.000000,64.000000
141550.000000,64.000000
141600.000000,64.000000
141650.000000,64.000000
141700.000000,64.000000
141750.000000,64.000000
141800.000000,64.000000
141850.000000,64.000000
141900.000000,64.000000
141950.000000,64.000000
142000.000000,64.000000
142050.000000,64.000000
142100.000000,64.000000
142150.000000,64.000000
142200.000000,64.000000
142250.000000,64.000000
142300.000000,64.000000
142350.000000,64.000000
142400.000000,64.000000
142450.000000,64.000000
142500.000000,64.000000
142550.000000,64.000000
142600.000000,64.000000
142650.000000,64.000000
142700.000000,64.000000
142750.000000,64.000000
142800.000000,64.000000
142850.000000,64.000000
142900.000000,64.000000
142950.000000,64.000000
143000.000000,64.000000
143050.000000,64.000000
143100.000000,64.000000
143150.000000,64.000000
143200.000000,64.000000
143250.000000,64.000000
143300.000000,64.000000
143350.000000,64.000000
143400.000000,64.000000
143450.000000,64.000000
143500.000000,64.000000
143550.000000,64.000000
143600.000000,64.000000
143650.000000,64.000000
143700.000000,64.000000
143750.000000,64.000000
143800.000000,64.000000
143850.000000,64.000000
143900.000000,64.000000
143950.000000,64.000000
144000.000000,64.000000
144050.000000,64.000000
144100.000000,64.000000
144150.000000,64.000000
144200.000000,64.000000
144250.000000,64.000000
144300.000000,64.000000
144350.000000,64.000000
144400.000000,64.000000
144450.000000,64.000000
144500.000000,64.000000
144550.000000,64.000000
144600.000000,64.000000
144650.000000,64.000000
144700.000000,64.000000
144750.000000,64.000000
144800.000000,64.000000
144850.000000,64.000000
144900.000000,64.000000
144950.000000,64.000000
145000.000000,64.000000
145050.000000,64.000000
145100.000000,64.000000
145150.000000,64.000000
145200.000000,64.000000
145250.000000,64.000000
145300.000000,64.000000
145350.000000,64.000000
145400.000000,64.000000
145450.000000,64.000000
145500.000000,64.000000
145550.000000,64.000000
145600.000000,64.000000
145650.000000,64.000000
145700.000000,64.000000
145750.000000,64.000000
145800.000000,64.000000
145850.000000,64.000000
145900.000000,64.000000
145950.000000,64.000000
146000.000000,64.000000
146050.000000,64.000000
146100.000000,64.000000
146150.000000,64.000000
146200.000000,64.000000
146250.000000,64.000000
146300.000000,64.000000
146350.000000,64.000000
146400.000000,64.000000
146450.000000,64.000000
146500.000000,64.000000
146550.000000,64.000000
146600.000000,64.000000
146650.000000,64.000000
146700.000000,64.000000
146750.000000,64.000000
146800.000000,64.000000
146850.000000,64.000000
146900.000000,64.000000
146950.000000,64.000000
147000.000000,64.000000
147050.000000,64.000000
147100.000000,64.000000
147150.000000,64.000000
147200.000000,64.000000
147250.000000,64.000000
147300.000000,64.000000
147350.000000,64.000000
147400.000000,64.000000
147450.000000,64.000000
147500.000000,64.000000
147550.000000,64.000000
147600.000000,64.000000
147650.000000,64.000000
147700.000000,64.000000
147750.000000,64.000000
147800.000000,64.000000
147850.000000,64.000000
147900.000000,64.000000
147950.000000,64.000000
148000.000000,64.000000
148050.000000,64.000000
148100.000000,64.000000
148150.000000,64.000000
148200.000000,64.000000
148250.000000,64.000000
148300.000000,64.000000
148350.000000,64.000000
148400.000000,64.000000
148450.000000,64.000000
148500.000000,64.000000
148550.000000,64.000000
148600.000000,64.000000
148650.000000,64.000000
148700.000000,64.000000
148750.000000,64.000000
148800.000000,64.000000
148850.000000,64.000000
148900.000000,64.000000
148950.000000,64.000000
149000.000000,64.000000
149050.000000,64.000000
149100.000000,64.000000
149150.000000,64.000000
149200.000000,64.000000
149250.000000,64.000000
149300.000000,64.000000
149350.000000,64.000000
149400.000000,64.000000
149450.000000,64.000000
149500.000000,64.000000
149550.000000,64.000000
149600.000000,64.000000
149650.000000,64.000000
149700.000000,64.000000
149750.000000,64.000000
149800.000000,64.000000
149850.000000,64.000000
149900.000000,64.000000
149950.000000,64.000000
150000.000000,64.000000
150050.000000,64.000000
150100.000000,64.000000
150150.000000,64.000000
150200.000000,64.000000
150250.000000,64.000000
150300.000000,64.000000
150350.000000,64.000000
150400.000000,64.000000
150450.000000,64.000000
150500.000000,64.000000
150550.000000,64.000000
150600.000000,64.000000
150650.000000,64.000000
150700.000000,64.000000
150750.000000,64.000000
150800.000000,64.000000
150850.000000,64.000000
150900.000000,64.000000
150950.000000,64.000000
151000.000000,64.000000
151050.000000,64.000000
151100.000000,64.000000
151150.000000,64.000000
151200.000000,64.000000
151250.000000,64.000000
151300.000000,64.000000
151350.000000,64.000000
151400.000000,64.000000
151450.000000,64.000000
151500.000000,64.000000
151550.000000,64.000000
151600.000000,64.000000
151650.000000,64.000000
151700.000000,64.000000
151750.000000,64.000000
151800.000000,64.000000
151850.000000,64.000000
151900.000000,64.000000
151950.000000,64.000000
152000.000000,64.000000
152050.000000,64.000000
152100.000000,64.000000
152150.000000,64.000000
152200.000000,64.000000
152250.000000,64.000000
152300.000000,64.000000
152350.000000,64.000000
152400.000000,64.000000
152450.000000,64.000000
152500.000000,64.000000
152550.000000,64.000000
152600.000000,64.000000
152650.000000,64.000000
152700.000000,64.000000
152750.000000,64.000000
152800.000000,64.000000
152850.000000,64.000000
152900.000000,64.000000
152950.000000,64.000000
153000.000000,64.000000
153050.000000,64.000000
153100.000000,64.000000
153150.000000,64.000000
153200.000000,64.000000
153250.000000,64.000000
153300.000000,64.000000
153350.000000,64.000000
153400.000000,64.000000
153450.000000,64.000000
153500.000000,64.000000
153550.000000,64.000000
153600.000000,64.000000
153650.000000,64.000000
153700.000000,64.000000
153750.000000,64.000000
153800.000000,64.000000
153850.000000,64.000000
153900.000000,64.000000
153950.000000,64.000000
154000.000000,64.000000
154050.000000,64.000000
154100.000000,64.000000
154150.000000,64.000000
154200.000000,64.000000
154250.000000,64.000000
154300.000000,64.000000
154350.000000,64.000000
154400.000000,64.000000
154450.000000,64.000000
154500.000000,64.000000
154550.000000,64.000000
154600.000000,64.000000
154650.000000,64.000000
154700.000000,64.000000
154750.000000,64.000000
154800.000000,64.000000
154850.000000,64.000000
154900.000000,64.000000
154950.000000,64.000000
155000.000000,64.000000
155050.000000,64.000000
155100.000000,64.000000
155150.000000,64.000000
155200.000000,64.000000
155250.000000,64.000000
155300.000000,64.000000
155350.000000,64.000000
155400.000000,64.000000
155450.000000,64.000000
155500.000000,64.000000
155550.000000,64.000000
155600.000000,64.000000
155650.000000,64.000000
155700.000000,64.000000
155750.000000,64.000000
155800.000000,64.000000
155850.000000,64.000000
155900.000000,64.000000
155950.000000,64.000000
156000.000000,64.000000
156050.000000,64.000000
156100.000000,64.000000
156150.000000,64.000000
156200.000000,64.000000
156250.000000,64.000000
156300.000000,64.000000
156350.000000,64.000000
156400.000000,64.000000
156450.000000,64.000000
156500.000000,64.000000
156550.000000,64.000000
156600.000000,64.000000
156650.000000,64.000000
156700.000000,64.000000
156750.000000,64.000000
156800.000000,64.000000
156850.000000,64.000000
156900.000000,64.000000
156950.000000,64.000000
157000.000000,64.000000
157050.000000,64.000000
157100.000000,64.000000
157150.000000,64.000000
157200.000000,64.000000
157250.000000,64.000000
157300.000000,64.000000
157350.000000,64.000000
157400.000000,64.000000
157450.000000,64.000000
157500.000000,64.000000
157550.000000,64.000000
157600.000000,64.000000
157650.000000,64.000000
157700.000000,64.000000
157750.000000,64.000000
157800.000000,64.000000
157850.000000,64.000000
157900.000000,64.000000
157950.000000,64.000000
158000.000000,64.000000
158050.000000,64.000000
158100.000000,64.000000
158150.000000,64.000000
158200.000000,64.000000
158250.000000,64.000000
158300.000000,64.000000
158350.000000,64.000000
158400.000000,64.000000
158450.000000,64.000000
158500.000000,64.000000
158550.000000,64.000000
158600.000000,64.000000
158650.000000,64.000000
158700.000000,64.000000
158750.000000,64.000000
158800.000000,64.000000
158850.000000,64.000000
158900.000000,64.000000
158950.000000,64.000000
159000.000000,64.000000
159050.000000,64.000000
159100.000000,64.000000
159150.000000,64.000000
159200.000000,64.000000
159250.000000,64.000000
159300.000000,64.000000
159350.000000,64.000000
159400.000000,64.000000
159450.000000,64.000000
159500.000000,64.000000
159550.000000,64.000000
159600.000000,64.000000
159650.000000,64.000000
159700.000000,64.000000
159750.000000,64.000000
159800.000000,64.000000
159850.000000,64.000000
159900.000000,64.000000
159950.000000,64.000000
160000.000000,64.000000
160050.000000,64.000000
160100.000000,64.000000
160150.000000,64.000000
160200.000000,64.000000
160250.000000,64.000000
160300.000000,64.000000
160350.000000,64.000000
160400.000000,64.000000
160450.000000,64.000000
160500.000000,64.000000
160550.000000,64.000000
160600.000000,64.000000
160650.000000,64.000000
160700.000000,64.000000
160750.000000,64.000000
160800.000000,64.000000
160850.000000,64.000000
160900.000000,64.000000
160950.000000,64.000000
161000.000000,64.000000
161050.000000,64.000000
161100.000000,64.000000
161150.000000,64.000000
161200.000000,64.000000
