-1000.000000,608.812500
-950.000000,608.812500
-900.000000,608.812500
-850.000000,608.812500
-800.000000,608.812500
-750.000000,608.812500
-700.000000,608.812500
-650.000000,608.812500
-600.000000,608.812500
-550.000000,608.812500
-500.000000,608.498646
-450.000000,608.441422
-400.000000,608.378749
-350.000000,608.310347
-300.000000,608.235936
-250.000000,608.155239
-200.000000,608.067979
-150.000000,607.973881
-100.000000,607.872676
-50.000000,607.764100
0.000000,607.647894
50.000000,607.539025
100.000000,607.424829
150.000000,607.305314
200.000000,607.180503
250.000000,607.050441
300.000000,606.915192
350.000000,606.774841
400.000000,606.629491
450.000000,606.479268
500.000000,606.324318
550.000000,606.164805
600.000000,606.000185
650.000000,605.830526
700.000000,605.655906
750.000000,605.476408
800.000000,605.292124
850.000000,605.103148
900.000000,604.909581
950.000000,604.711526
1000.000000,604.509088
1050.000000,604.302373
1100.000000,604.091487
1150.000000,603.876568
1200.000000,603.657760
1250.000000,603.435207
1300.000000,603.209060
1350.000000,602.979468
1400.000000,602.746586
1450.000000,602.510567
1500.000000,602.271566
1550.000000,602.029739
1600.000000,601.785244
1650.000000,601.538236
1700.000000,601.288870
1750.000000,601.037301
1800.000000,600.783679
1850.000000,600.528153
1900.000000,600.270868
1950.000000,600.011966
2000.000000,599.751587
2050.000000,599.489865
2100.000000,599.226932
2150.000000,598.962912
2200.000000,598.697927
2250.000000,598.432094
2300.000000,598.165523
2350.000000,597.898320
2400.000000,597.630584
2450.000000,597.362409
2500.000000,597.093882
2550.000000,596.825084
2600.000000,596.556090
2650.000000,596.286968
2700.000000,596.017778
2750.000000,595.748574
2800.000000,595.479405
2850.000000,595.210310
2900.000000,594.941323
2950.000000,594.672472
3000.000000,594.403776
3050.000000,594.135251
3100.000000,593.866903
3150.000000,593.598735
3200.000000,593.330745
3250.000000,593.062923
3300.000000,592.795258
3350.000000,592.527731
3400.000000,592.260324
3450.000000,591.993011
3500.000000,591.725768
3550.000000,591.458567
3600.000000,591.191377
3650.000000,590.924171
3700.000000,590.656917
3750.000000,590.389587
3800.000000,590.122152
3850.000000,589.854587
3900.000000,589.586866
3950.000000,589.318968
4000.000000,589.050875
4050.000000,588.782571
4100.000000,588.514044
4150.000000,588.245287
4200.000000,587.976296
4250.000000,587.707071
4300.000000,587.437616
4350.000000,587.167940
4400.000000,586.898055
4450.000000,586.627977
4500.000000,586.357725
4550.000000,586.087321
4600.000000,585.816791
4650.000000,585.546161
4700.000000,585.275461
4750.000000,585.004720
4800.000000,584.733970
4850.000000,584.463242
4900.000000,584.192566
4950.000000,583.921973
5000.000000,583.651491
5050.000000,583.381146
5100.000000,583.110963
5150.000000,582.840963
5200.000000,582.571165
5250.000000,582.301583
5300.000000,582.032229
5350.000000,581.763111
5400.000000,581.494231
5450.000000,581.225588
5500.000000,580.957179
5550.000000,580.688994
5600.000000,580.421021
5650.000000,580.153244
5700.000000,579.885643
5750.000000,579.618198
5800.000000,579.350882
5850.000000,579.083670
5900.000000,578.816534
5950.000000,578.549445
6000.000000,578.282372
6050.000000,578.015288
6100.000000,577.748162
6150.000000,577.480967
6200.000000,577.213678
6250.000000,576.946270
6300.000000,576.678723
6350.000000,576.411019
6400.000000,576.143144
6450.000000,575.875087
6500.000000,575.606841
6550.000000,575.338405
6600.000000,575.069780
6650.000000,574.800974
6700.000000,574.531997
6750.000000,574.262865
6800.000000,573.993597
6850.000000,573.724217
6900.000000,573.454753
6950.000000,573.185234
7000.000000,572.915695
7050.000000,572.646171
7100.000000,572.376699
7150.000000,572.107320
7200.000000,571.838074
7250.000000,571.569000
7300.000000,571.300138
7350.000000,571.031528
7400.000000,570.763208
7450.000000,570.495213
7500.000000,570.227575
7550.000000,569.960326
7600.000000,569.693490
7650.000000,569.427091
7700.000000,569.161146
7750.000000,568.895669
7800.000000,568.630668
7850.000000,568.366146
7900.000000,568.102102
7950.000000,567.838528
8000.000000,567.575412
8050.000000,567.312736
8100.000000,567.050478
8150.000000,566.788611
8200.000000,566.527101
8250.000000,566.265914
8300.000000,566.005010
8350.000000,565.744345
8400.000000,565.483873
8450.000000,565.223546
8500.000000,564.963314
8550.000000,564.703126
8600.000000,564.442929
8650.000000,564.182672
8700.000000,563.922303
8750.000000,563.661773
8800.000000,563.401033
8850.000000,563.140038
8900.000000,562.878743
8950.000000,562.617110
9000.000000,562.355102
9050.000000,562.092689
9100.000000,561.829843
9150.000000,561.566542
9200.000000,561.302771
9250.000000,561.038518
9300.000000,560.773777
9350.000000,560.508548
9400.000000,560.242838
9450.000000,559.976658
9500.000000,559.710025
9550.000000,559.442960
9600.000000,559.175493
9650.000000,558.907655
9700.000000,558.639482
9750.000000,558.371016
9800.000000,558.102301
9850.000000,557.833385
9900.000000,557.564319
9950.000000,557.295155
10000.000000,557.025948
10050.000000,556.756753
10100.000000,556.487625
10150.000000,556.218623
10200.000000,555.949800
10250.000000,555.681212
10300.000000,555.412911
10350.000000,555.144950
10400.000000,554.877376
10450.000000,554.610236
10500.000000,554.343572
10550.000000,554.077425
10600.000000,553.811829
10650.000000,553.546816
10700.000000,553.282415
10750.000000,553.018649
10800.000000,552.755537
10850.000000,552.493094
10900.000000,552.231331
10950.000000,551.970255
11000.000000,551.709868
11050.000000,551.450170
11100.000000,551.191155
11150.000000,550.932815
11200.000000,550.675139
11250.000000,550.418112
11300.000000,550.161718
11350.000000,549.905936
11400.000000,549.650746
11450.000000,549.396124
11500.000000,549.142047
11550.000000,548.888487
11600.000000,548.635419
11650.000000,548.382815
11700.000000,548.130649
11750.000000,547.878893
11800.000000,547.627519
11850.000000,547.376502
11900.000000,547.125814
11950.000000,546.875430
12000.000000,546.625327
12050.000000,546.375479
12100.000000,546.125867
12150.000000,545.876467
12200.000000,545.627260
12250.000000,545.378229
12300.000000,545.129355
12350.000000,544.880623
12400.000000,544.632019
12450.000000,544.383528
12500.000000,544.135141
12550.000000,543.886845
12600.000000,543.638632
12650.000000,543.390493
12700.000000,543.142421
12750.000000,542.894409
12800.000000,542.646454
12850.000000,542.398549
12900.000000,542.150692
12950.000000,541.902880
13000.000000,541.655111
13050.000000,541.407382
13100.000000,541.159692
13150.000000,540.912042
13200.000000,540.664430
13250.000000,540.416857
13300.000000,540.169322
13350.000000,539.921827
13400.000000,539.674371
13450.000000,539.426955
13500.000000,539.179581
13550.000000,538.932248
13600.000000,538.684957
13650.000000,538.437709
13700.000000,538.190505
13750.000000,537.943344
13800.000000,537.696227
13850.000000,537.449154
13900.000000,537.202124
13950.000000,536.955137
14000.000000,536.708193
14050.000000,536.461290
14100.000000,536.214427
14150.000000,535.967603
14200.000000,535.720816
14250.000000,535.474064
14300.000000,535.227344
14350.000000,534.980655
14400.000000,534.733993
14450.000000,534.487356
14500.000000,534.240740
14550.000000,533.994143
14600.000000,533.747560
14650.000000,533.500989
14700.000000,533.254426
14750.000000,533.007867
14800.000000,532.761309
14850.000000,532.514747
14900.000000,532.268179
14950.000000,532.021600
15000.000000,531.775007
15050.000000,531.528396
15100.000000,531.281765
15150.000000,531.035110
15200.000000,530.788429
15250.000000,530.541718
15300.000000,530.294975
15350.000000,530.048198
15400.000000,529.801385
15450.000000,529.554534
15500.000000,529.307643
15550.000000,529.060712
15600.000000,528.813739
15650.000000,528.566724
15700.000000,528.319666
15750.000000,528.072565
15800.000000,527.825422
15850.000000,527.578235
15900.000000,527.331007
15950.000000,527.083738
16000.000000,526.836427
16050.000000,526.589078
16100.000000,526.341690
16150.000000,526.094266
16200.000000,525.846806
16250.000000,525.599312
16300.000000,525.351786
16350.000000,525.104229
16400.000000,524.856644
16450.000000,524.609031
16500.000000,524.361393
16550.000000,524.113731
16600.000000,523.866047
16650.000000,523.618343
16700.000000,523.370621
16750.000000,523.122881
16800.000000,522.875127
16850.000000,522.627358
16900.000000,522.379577
16950.000000,522.131785
17000.000000,521.883984
17050.000000,521.636174
17100.000000,521.388357
17150.000000,521.140534
17200.000000,520.892707
17250.000000,520.644876
17300.000000,520.397043
17350.000000,520.149209
17400.000000,519.901374
17450.000000,519.653541
17500.000000,519.405710
17550.000000,519.157882
17600.000000,518.910058
17650.000000,518.662240
17700.000000,518.414429
17750.000000,518.166627
17800.000000,517.918834
17850.000000,517.671053
17900.000000,517.423285
17950.000000,517.175532
18000.000000,516.927796
18050.000000,516.680079
18100.000000,516.432384
18150.000000,516.184712
18200.000000,515.937068
18250.000000,515.689454
18300.000000,515.441874
18350.000000,515.194330
18400.000000,514.946829
18450.000000,514.699373
18500.000000,514.451967
18550.000000,514.204619
18600.000000,513.957332
18650.000000,513.710115
18700.000000,513.462973
18750.000000,513.215915
18800.000000,512.968950
18850.000000,512.722086
18900.000000,512.475334
18950.000000,512.228704
19000.000000,511.982210
19050.000000,511.735863
19100.000000,511.489677
19150.000000,511.243667
19200.000000,510.997849
19250.000000,510.752239
19300.000000,510.506856
19350.000000,510.261718
19400.000000,510.016845
19450.000000,509.772258
19500.000000,509.527978
19550.000000,509.284028
19600.000000,509.040430
19650.000000,508.797208
19700.000000,508.554386
19750.000000,508.311988
19800.000000,508.070039
19850.000000,507.828562
19900.000000,507.587581
19950.000000,507.347120
20000.000000,507.107200
20050.000000,506.867843
20100.000000,506.629069
20150.000000,506.390896
20200.000000,506.153340
20250.000000,505.916416
20300.000000,505.680135
20350.000000,505.444506
20400.000000,505.209536
20450.000000,504.975227
20500.000000,504.741578
20550.000000,504.508587
20600.000000,504.276244
20650.000000,504.044538
20700.000000,503.813455
20750.000000,503.582973
20800.000000,503.353071
20850.000000,503.123721
20900.000000,502.894892
20950.000000,502.666549
21000.000000,502.438655
21050.000000,502.211168
21100.000000,501.984044
21150.000000,501.757237
21200.000000,501.530698
21250.000000,501.304375
21300.000000,501.078218
21350.000000,500.852173
21400.000000,500.626187
21450.000000,500.400207
21500.000000,500.174180
21550.000000,499.948055
21600.000000,499.721783
21650.000000,499.495315
21700.000000,499.268607
21750.000000,499.041617
21800.000000,498.814306
21850.000000,498.586641
21900.000000,498.358591
21950.000000,498.130132
22000.000000,497.901242
22050.000000,497.671908
22100.000000,497.442118
22150.000000,497.211868
22200.000000,496.981159
22250.000000,496.749999
22300.000000,496.518397
22350.000000,496.286372
22400.000000,496.053946
22450.000000,495.821145
22500.000000,495.588000
22550.000000,495.354546
22600.000000,495.120824
22650.000000,494.886874
22700.000000,494.652742
22750.000000,494.418475
22800.000000,494.184121
22850.000000,493.949732
22900.000000,493.715357
22950.000000,493.481046
23000.000000,493.246851
23050.000000,493.012820
23100.000000,492.779000
23150.000000,492.545438
23200.000000,492.312174
23250.000000,492.079250
23300.000000,491.846702
23350.000000,491.614562
23400.000000,491.382858
23450.000000,491.151616
23500.000000,490.920855
23550.000000,490.690591
23600.000000,490.460834
23650.000000,490.231591
23700.000000,490.002863
23750.000000,489.774649
23800.000000,489.546941
23850.000000,489.319729
23900.000000,489.092998
23950.000000,488.866732
24000.000000,488.640910
24050.000000,488.415508
24100.000000,488.190503
24150.000000,487.965866
24200.000000,487.741571
24250.000000,487.517589
24300.000000,487.293890
24350.000000,487.070446
24400.000000,486.847228
24450.000000,486.624210
24500.000000,486.401364
24550.000000,486.178668
24600.000000,485.956097
24650.000000,485.733631
24700.000000,485.511252
24750.000000,485.288944
24800.000000,485.066694
24850.000000,484.844490
24900.000000,484.622323
24950.000000,484.400188
25000.000000,484.178080
25050.000000,483.955996
25100.000000,483.733938
25150.000000,483.511905
25200.000000,483.289901
25250.000000,483.067930
25300.000000,482.845995
25350.000000,482.624102
25400.000000,482.402257
25450.000000,482.180464
25500.000000,481.958729
25550.000000,481.737055
25600.000000,481.515448
25650.000000,481.293909
25700.000000,481.072440
25750.000000,480.851043
25800.000000,480.629716
25850.000000,480.408460
25900.000000,480.187270
25950.000000,479.966144
26000.000000,479.745076
26050.000000,479.524062
26100.000000,479.303096
26150.000000,479.082170
26200.000000,478.861278
26250.000000,478.640413
26300.000000,478.419569
26350.000000,478.198738
26400.000000,477.977915
26450.000000,477.757095
26500.000000,477.536273
26550.000000,477.315445
26600.000000,477.094609
26650.000000,476.873764
26700.000000,476.652910
26750.000000,476.432047
26800.000000,476.211178
26850.000000,475.990307
26900.000000,475.769437
26950.000000,475.548573
27000.000000,475.327722
27050.000000,475.106890
27100.000000,474.886082
27150.000000,474.665306
27200.000000,474.444568
27250.000000,474.223875
27300.000000,474.003231
27350.000000,473.782642
27400.000000,473.562111
27450.000000,473.341641
27500.000000,473.121233
27550.000000,472.900888
27600.000000,472.680605
27650.000000,472.460380
27700.000000,472.240209
27750.000000,472.020088
27800.000000,471.800009
27850.000000,471.579964
27900.000000,471.359945
27950.000000,471.139942
28000.000000,470.919945
28050.000000,470.699943
28100.000000,470.479927
28150.000000,470.259886
28200.000000,470.039809
28250.000000,469.819689
28300.000000,469.599517
28350.000000,469.379287
28400.000000,469.158993
28450.000000,468.938631
28500.000000,468.718200
28550.000000,468.497701
28600.000000,468.277134
28650.000000,468.056505
28700.000000,467.835821
28750.000000,467.615089
28800.000000,467.394320
28850.000000,467.173526
28900.000000,466.952721
28950.000000,466.731922
29000.000000,466.511144
29050.000000,466.290406
29100.000000,466.069727
29150.000000,465.849125
29200.000000,465.628621
29250.000000,465.408233
29300.000000,465.187983
29350.000000,464.967887
29400.000000,464.747964
29450.000000,464.528231
29500.000000,464.308702
29550.000000,464.089394
29600.000000,463.870316
29650.000000,463.651481
29700.000000,463.432896
29750.000000,463.214568
29800.000000,462.996502
29850.000000,462.778700
29900.000000,462.561162
29950.000000,462.343885
30000.000000,462.126868
30050.000000,461.910102
30100.000000,461.693582
30150.000000,461.477296
30200.000000,461.261235
30250.000000,461.045385
30300.000000,460.829733
30350.000000,460.614263
30400.000000,460.398959
30450.000000,460.183804
30500.000000,459.968781
30550.000000,459.753870
30600.000000,459.539052
30650.000000,459.324309
30700.000000,459.109620
30750.000000,458.894967
30800.000000,458.680329
30850.000000,458.465689
30900.000000,458.251026
30950.000000,458.036322
31000.000000,457.821560
31050.000000,457.606722
31100.000000,457.391793
31150.000000,457.176756
31200.000000,456.961597
31250.000000,456.746303
31300.000000,456.530861
31350.000000,456.315261
31400.000000,456.099493
31450.000000,455.883549
31500.000000,455.667422
31550.000000,455.451108
31600.000000,455.234601
31650.000000,455.017902
31700.000000,454.801008
31750.000000,454.583921
31800.000000,454.366644
31850.000000,454.149182
31900.000000,453.931539
31950.000000,453.713723
32000.000000,453.495742
32050.000000,453.277605
32100.000000,453.059324
32150.000000,452.840910
32200.000000,452.622376
32250.000000,452.403733
32300.000000,452.184996
32350.000000,451.966179
32400.000000,451.747295
32450.000000,451.528358
32500.000000,451.309383
32550.000000,451.090383
32600.000000,450.871371
32650.000000,450.652359
32700.000000,450.433359
32750.000000,450.214382
32800.000000,449.995440
32850.000000,449.776540
32900.000000,449.557692
32950.000000,449.338902
33000.000000,449.120178
33050.000000,448.901525
33100.000000,448.682947
33150.000000,448.464448
33200.000000,448.246031
33250.000000,448.027698
33300.000000,447.809450
33350.000000,447.591288
33400.000000,447.373211
33450.000000,447.155220
33500.000000,446.937313
33550.000000,446.719490
33600.000000,446.501749
33650.000000,446.284088
33700.000000,446.066505
33750.000000,445.848999
33800.000000,445.631568
33850.000000,445.414209
33900.000000,445.196921
33950.000000,444.979701
34000.000000,444.762548
34050.000000,444.545460
34100.000000,444.328435
34150.000000,444.111471
34200.000000,443.894565
34250.000000,443.677716
34300.000000,443.460922
34350.000000,443.244181
34400.000000,443.027490
34450.000000,442.810846
34500.000000,442.594248
34550.000000,442.377692
34600.000000,442.161175
34650.000000,441.944693
34700.000000,441.728244
34750.000000,441.511824
34800.000000,441.295427
34850.000000,441.079050
34900.000000,440.862687
34950.000000,440.646333
35000.000000,440.429983
35050.000000,440.213629
35100.000000,439.997266
35150.000000,439.780886
35200.000000,439.564482
35250.000000,439.348046
35300.000000,439.131568
35350.000000,438.915040
35400.000000,438.698452
35450.000000,438.481793
35500.000000,438.265053
35550.000000,438.048220
35600.000000,437.831283
35650.000000,437.614229
35700.000000,437.397045
35750.000000,437.179718
35800.000000,436.962235
35850.000000,436.744582
35900.000000,436.526746
35950.000000,436.308713
36000.000000,436.090470
36050.000000,435.872004
36100.000000,435.653302
36150.000000,435.434352
36200.000000,435.215144
36250.000000,434.995668
36300.000000,434.775913
36350.000000,434.555875
36400.000000,434.335545
36450.000000,434.114920
36500.000000,433.893998
36550.000000,433.672779
36600.000000,433.451262
36650.000000,433.229453
36700.000000,433.007356
36750.000000,432.784979
36800.000000,432.562333
36850.000000,432.339429
36900.000000,432.116280
36950.000000,431.892903
37000.000000,431.669313
37050.000000,431.445531
37100.000000,431.221574
37150.000000,430.997465
37200.000000,430.773224
37250.000000,430.548872
37300.000000,430.324432
37350.000000,430.099924
37400.000000,429.875370
37450.000000,429.650790
37500.000000,429.426201
37550.000000,429.201622
37600.000000,428.977067
37650.000000,428.752551
37700.000000,428.528085
37750.000000,428.303677
37800.000000,428.079335
37850.000000,427.855062
37900.000000,427.630861
37950.000000,427.406730
38000.000000,427.182667
38050.000000,426.958664
38100.000000,426.734715
38150.000000,426.510810
38200.000000,426.286936
38250.000000,426.063081
38300.000000,425.839231
38350.000000,425.615370
38400.000000,425.391482
38450.000000,425.167553
38500.000000,424.943565
38550.000000,424.719504
38600.000000,424.495357
38650.000000,424.271109
38700.000000,424.046749
38750.000000,423.822267
38800.000000,423.597657
38850.000000,423.372911
38900.000000,423.148028
38950.000000,422.923006
39000.000000,422.697848
39050.000000,422.472557
39100.000000,422.247140
39150.000000,422.021607
39200.000000,421.795969
39250.000000,421.570240
39300.000000,421.344434
39350.000000,421.118568
39400.000000,420.892660
39450.000000,420.666729
39500.000000,420.440793
39550.000000,420.214872
39600.000000,419.988984
39650.000000,419.763147
39700.000000,419.537378
39750.000000,419.311692
39800.000000,419.086102
39850.000000,418.860618
39900.000000,418.635251
39950.000000,418.410004
40000.000000,418.184880
40050.000000,417.959878
40100.000000,417.734994
40150.000000,417.510220
40200.000000,417.285545
40250.000000,417.060952
40300.000000,416.836425
40350.000000,416.611941
40400.000000,416.387475
40450.000000,416.162999
40500.000000,415.938482
40550.000000,415.713892
40600.000000,415.489194
40650.000000,415.264351
40700.000000,415.039325
40750.000000,414.814077
40800.000000,414.588568
40850.000000,414.362760
40900.000000,414.136612
40950.000000,413.910088
41000.000000,413.683151
41050.000000,413.455766
41100.000000,413.227901
41150.000000,412.999526
41200.000000,412.770612
41250.000000,412.541136
41300.000000,412.311077
41350.000000,412.080418
41400.000000,411.849144
41450.000000,411.617248
41500.000000,411.384722
41550.000000,411.151567
41600.000000,410.917784
41650.000000,410.683382
41700.000000,410.448371
41750.000000,410.212767
41800.000000,409.976589
41850.000000,409.739861
41900.000000,409.502610
41950.000000,409.264866
42000.000000,409.026664
42050.000000,408.788040
42100.000000,408.549034
42150.000000,408.309689
42200.000000,408.070049
42250.000000,407.830162
42300.000000,407.590075
42350.000000,407.349839
42400.000000,407.109504
42450.000000,406.869121
42500.000000,406.628744
42550.000000,406.388422
42600.000000,406.148209
42650.000000,405.908154
42700.000000,405.668307
42750.000000,405.428717
42800.000000,405.189430
42850.000000,404.950491
42900.000000,404.711941
42950.000000,404.473820
43000.000000,404.236163
43050.000000,403.999005
43100.000000,403.762373
43150.000000,403.526293
43200.000000,403.290786
43250.000000,403.055869
43300.000000,402.821555
43350.000000,402.587850
43400.000000,402.354757
43450.000000,402.122275
43500.000000,401.890396
43550.000000,401.659109
43600.000000,401.428398
43650.000000,401.198239
43700.000000,400.968609
43750.000000,400.739476
43800.000000,400.510806
43850.000000,400.282560
43900.000000,400.054696
43950.000000,399.827168
44000.000000,399.599928
44050.000000,399.372926
44100.000000,399.146107
44150.000000,398.919417
44200.000000,398.692800
44250.000000,398.466199
44300.000000,398.239557
44350.000000,398.012817
44400.000000,397.785923
44450.000000,397.558819
44500.000000,397.331452
44550.000000,397.103771
44600.000000,396.875725
44650.000000,396.647269
44700.000000,396.418358
44750.000000,396.188953
44800.000000,395.959017
44850.000000,395.728517
44900.000000,395.497424
44950.000000,395.265714
45000.000000,395.033364
45050.000000,394.800360
45100.000000,394.566687
45150.000000,394.332339
45200.000000,394.097309
45250.000000,393.861599
45300.000000,393.625210
45350.000000,393.388149
45400.000000,393.150427
45450.000000,392.912055
45500.000000,392.673050
45550.000000,392.433429
45600.000000,392.193214
45650.000000,391.952427
45700.000000,391.711091
45750.000000,391.469233
45800.000000,391.226881
45850.000000,390.984063
45900.000000,390.740807
45950.000000,390.497146
46000.000000,390.253108
46050.000000,390.008728
46100.000000,389.764036
46150.000000,389.519067
46200.000000,389.273854
46250.000000,389.028431
46300.000000,388.782835
46350.000000,388.537101
46400.000000,388.291268
46450.000000,388.045375
46500.000000,387.799464
46550.000000,387.553577
46600.000000,387.307760
46650.000000,387.062062
46700.000000,386.816533
46750.000000,386.571229
46800.000000,386.326208
46850.000000,386.081532
46900.000000,385.837270
46950.000000,385.593492
47000.000000,385.350277
47050.000000,385.107707
47100.000000,384.865871
47150.000000,384.624864
47200.000000,384.384786
47250.000000,384.145744
47300.000000,383.907852
47350.000000,383.671231
47400.000000,383.436007
47450.000000,383.202312
47500.000000,382.970285
47550.000000,382.740071
47600.000000,382.511821
47650.000000,382.285688
47700.000000,382.061833
47750.000000,381.840419
47800.000000,381.621614
47850.000000,381.405586
47900.000000,381.192506
47950.000000,380.982546
48000.000000,380.775879
48050.000000,380.572675
48100.000000,380.373102
48150.000000,380.177327
48200.000000,379.985512
48250.000000,379.797812
48300.000000,379.614379
48350.000000,379.435356
48400.000000,379.260878
48450.000000,379.091070
48500.000000,378.926049
48550.000000,378.765919
48600.000000,378.610774
48650.000000,378.460695
48700.000000,378.315750
48750.000000,378.175992
48800.000000,378.041463
48850.000000,377.912189
48900.000000,377.788182
48950.000000,377.669438
49000.000000,377.555941
49050.000000,377.447659
49100.000000,377.344547
49150.000000,377.246545
49200.000000,377.153582
49250.000000,377.065571
49300.000000,376.982416
49350.000000,376.904008
49400.000000,376.830227
49450.000000,376.760947
49500.000000,376.696028
49550.000000,376.635325
49600.000000,376.578687
49650.000000,376.525956
49700.000000,376.476969
49750.000000,376.431559
49800.000000,376.389557
49850.000000,376.350792
49900.000000,376.315093
49950.000000,376.282285
50000.000000,376.252200
50050.000000,376.224665
50100.000000,376.199515
50150.000000,376.176584
50200.000000,376.155712
50250.000000,376.136740
50300.000000,376.119518
50350.000000,376.103896
50400.000000,376.089733
50450.000000,376.076891
50500.000000,376.065237
50550.000000,376.054645
50600.000000,376.044995
50650.000000,376.036170
50700.000000,376.028060
50750.000000,376.020560
50800.000000,376.013568
50850.000000,376.006990
50900.000000,376.000734
50950.000000,375.994711
51000.000000,375.988838
51050.000000,375.983033
51100.000000,375.977218
51150.000000,375.971318
51200.000000,375.965259
51250.000000,375.958968
51300.000000,375.952375
51350.000000,375.945409
51400.000000,375.938003
51450.000000,375.930087
51500.000000,375.921592
51550.000000,375.912451
51600.000000,375.902594
51650.000000,375.891953
51700.000000,375.880460
51750.000000,375.868045
51800.000000,375.854640
51850.000000,375.840175
51900.000000,375.824584
51950.000000,375.807797
52000.000000,375.789749
52050.000000,375.770374
52100.000000,375.749610
52150.000000,375.727396
52200.000000,375.703673
52250.000000,375.678388
52300.000000,375.651490
52350.000000,375.622933
52400.000000,375.592676
52450.000000,375.560685
52500.000000,375.526930
52550.000000,375.491389
52600.000000,375.454046
52650.000000,375.414895
52700.000000,375.373934
52750.000000,375.331172
52800.000000,375.286626
52850.000000,375.240318
52900.000000,375.192281
52950.000000,375.142556
53000.000000,375.091191
53050.000000,375.038240
53100.000000,374.983765
53150.000000,374.927836
53200.000000,374.870524
53250.000000,374.811909
53300.000000,374.752073
53350.000000,374.691102
53400.000000,374.629082
53450.000000,374.566102
53500.000000,374.502250
53550.000000,374.437612
53600.000000,374.372275
53650.000000,374.306318
53700.000000,374.239819
53750.000000,374.172849
53800.000000,374.105474
53850.000000,374.037752
53900.000000,373.969734
53950.000000,373.901462
54000.000000,373.832968
54050.000000,373.764276
54100.000000,373.695400
54150.000000,373.626345
54200.000000,373.557104
54250.000000,373.487662
54300.000000,373.417994
54350.000000,373.348067
54400.000000,373.277837
54450.000000,373.207254
54500.000000,373.136261
54550.000000,373.064792
54600.000000,372.992778
54650.000000,372.920144
54700.000000,372.846811
54750.000000,372.772697
54800.000000,372.697720
54850.000000,372.621796
54900.000000,372.544840
54950.000000,372.466769
55000.000000,372.387503
55050.000000,372.306964
55100.000000,372.225077
55150.000000,372.141774
55200.000000,372.056989
55250.000000,371.970663
55300.000000,371.882743
55350.000000,371.793184
55400.000000,371.701946
55450.000000,371.608996
55500.000000,371.514310
55550.000000,371.417869
55600.000000,371.319664
55650.000000,371.219691
55700.000000,371.117954
55750.000000,371.014463
55800.000000,370.909236
55850.000000,370.802296
55900.000000,370.693671
55950.000000,370.583398
56000.000000,370.471516
56050.000000,370.358069
56100.000000,370.243106
56150.000000,370.126680
56200.000000,370.008846
56250.000000,369.889662
56300.000000,369.769191
56350.000000,369.647493
56400.000000,369.524634
56450.000000,369.400679
56500.000000,369.275694
56550.000000,369.149745
56600.000000,369.022898
56650.000000,368.895217
56700.000000,368.766767
56750.000000,368.637611
56800.000000,368.507810
56850.000000,368.377423
56900.000000,368.246506
56950.000000,368.115114
57000.000000,367.983298
57050.000000,367.851105
57100.000000,367.718580
57150.000000,367.585763
57200.000000,367.452691
57250.000000,367.319396
57300.000000,367.185907
57350.000000,367.052249
57400.000000,366.918440
57450.000000,366.784495
57500.000000,366.650426
57550.000000,366.516239
57600.000000,366.381935
57650.000000,366.247513
57700.000000,366.112965
57750.000000,365.978282
57800.000000,365.843450
57850.000000,365.708451
57900.000000,365.573266
57950.000000,365.437871
58000.000000,365.302242
58050.000000,365.166351
58100.000000,365.030171
58150.000000,364.893671
58200.000000,364.756823
58250.000000,364.619595
58300.000000,364.481960
58350.000000,364.343888
58400.000000,364.205352
58450.000000,364.066328
58500.000000,363.926791
58550.000000,363.786721
58600.000000,363.646100
58650.000000,363.504914
58700.000000,363.363151
58750.000000,363.220803
58800.000000,363.077866
58850.000000,362.934339
58900.000000,362.790226
58950.000000,362.645533
59000.000000,362.500270
59050.000000,362.354452
59100.000000,362.208094
59150.000000,362.061218
59200.000000,361.913845
59250.000000,361.766001
59300.000000,361.617711
59350.000000,361.469005
59400.000000,361.319911
59450.000000,361.170460
59500.000000,361.020683
59550.000000,360.870608
59600.000000,360.720266
59650.000000,360.569686
59700.000000,360.418894
59750.000000,360.267918
59800.000000,360.116779
59850.000000,359.965498
59900.000000,359.814096
59950.000000,359.662587
60000.000000,359.510983
60050.000000,359.359295
60100.000000,359.207528
60150.000000,359.055686
60200.000000,358.903768
60250.000000,358.751772
60300.000000,358.599690
60350.000000,358.447513
60400.000000,358.295229
60450.000000,358.142824
60500.000000,357.990281
60550.000000,357.837581
60600.000000,357.684704
60650.000000,357.531628
60700.000000,357.378332
60750.000000,357.224792
60800.000000,357.070985
60850.000000,356.916888
60900.000000,356.762479
60950.000000,356.607738
61000.000000,356.452644
61050.000000,356.297178
61100.000000,356.141326
61150.000000,355.985073
61200.000000,355.828409
61250.000000,355.671325
61300.000000,355.513815
61350.000000,355.355878
61400.000000,355.197516
61450.000000,355.038732
61500.000000,354.879535
61550.000000,354.719937
61600.000000,354.559953
61650.000000,354.399600
61700.000000,354.238902
61750.000000,354.077880
61800.000000,353.916564
61850.000000,353.754982
61900.000000,353.593166
61950.000000,353.431149
62000.000000,353.268966
62050.000000,353.106653
62100.000000,352.944246
62150.000000,352.781782
62200.000000,352.619296
62250.000000,352.456824
62300.000000,352.294401
62350.000000,352.132059
62400.000000,351.969828
62450.000000,351.807736
62500.000000,351.645809
62550.000000,351.484068
62600.000000,351.322532
62650.000000,351.161215
62700.000000,351.000129
62750.000000,350.839279
62800.000000,350.678668
62850.000000,350.518293
62900.000000,350.358149
62950.000000,350.198223
63000.000000,350.038501
63050.000000,349.878962
63100.000000,349.719585
63150.000000,349.560342
63200.000000,349.401203
63250.000000,349.242133
63300.000000,349.083098
63350.000000,348.924059
63400.000000,348.764976
63450.000000,348.605807
63500.000000,348.446510
63550.000000,348.287042
63600.000000,348.127360
63650.000000,347.967423
63700.000000,347.807188
63750.000000,347.646616
63800.000000,347.485669
63850.000000,347.324310
63900.000000,347.162506
63950.000000,347.000226
64000.000000,346.837443
64050.000000,346.674131
64100.000000,346.510270
64150.000000,346.345843
64200.000000,346.180835
64250.000000,346.015236
64300.000000,345.849040
64350.000000,345.682244
64400.000000,345.514847
64450.000000,345.346853
64500.000000,345.178270
64550.000000,345.009107
64600.000000,344.839376
64650.000000,344.669092
64700.000000,344.498273
64750.000000,344.326935
64800.000000,344.155101
64850.000000,343.982792
64900.000000,343.810031
64950.000000,343.636840
65000.000000,343.463244
65050.000000,343.289267
65100.000000,343.114932
65150.000000,342.940264
65200.000000,342.765286
65250.000000,342.590019
65300.000000,342.414487
65350.000000,342.238709
65400.000000,342.062705
65450.000000,341.886493
65500.000000,341.710089
65550.000000,341.533511
65600.000000,341.356770
65650.000000,341.179880
65700.000000,341.002852
65750.000000,340.825694
65800.000000,340.648414
65850.000000,340.471019
65900.000000,340.293512
65950.000000,340.115896
66000.000000,339.938173
66050.000000,339.760342
66100.000000,339.582401
66150.000000,339.404346
66200.000000,339.226173
66250.000000,339.047876
66300.000000,338.869447
66350.000000,338.690876
66400.000000,338.512154
66450.000000,338.333270
66500.000000,338.154211
66550.000000,337.974963
66600.000000,337.795513
66650.000000,337.615846
66700.000000,337.435945
66750.000000,337.255795
66800.000000,337.075378
66850.000000,336.894679
66900.000000,336.713679
66950.000000,336.532362
67000.000000,336.350710
67050.000000,336.168708
67100.000000,335.986337
67150.000000,335.803583
67200.000000,335.620430
67250.000000,335.436863
67300.000000,335.252869
67350.000000,335.068435
67400.000000,334.883548
67450.000000,334.698198
67500.000000,334.512376
67550.000000,334.326072
67600.000000,334.139280
67650.000000,333.951993
67700.000000,333.764205
67750.000000,333.575913
67800.000000,333.387114
67850.000000,333.197806
67900.000000,333.007989
67950.000000,332.817661
68000.000000,332.626825
68050.000000,332.435481
68100.000000,332.243633
68150.000000,332.051283
68200.000000,331.858434
68250.000000,331.665091
68300.000000,331.471259
68350.000000,331.276941
68400.000000,331.082143
68450.000000,330.886872
68500.000000,330.691131
68550.000000,330.494928
68600.000000,330.298268
68650.000000,330.101159
68700.000000,329.903605
68750.000000,329.705616
68800.000000,329.507196
68850.000000,329.308355
68900.000000,329.109101
68950.000000,328.909440
69000.000000,328.709382
69050.000000,328.508937
69100.000000,328.308113
69150.000000,328.106921
69200.000000,327.905372
69250.000000,327.703476
69300.000000,327.501245
69350.000000,327.298691
69400.000000,327.095827
69450.000000,326.892666
69500.000000,326.689220
69550.000000,326.485503
69600.000000,326.281528
69650.000000,326.077309
69700.000000,325.872859
69750.000000,325.668191
69800.000000,325.463317
69850.000000,325.258249
69900.000000,325.052997
69950.000000,324.847571
70000.000000,324.641979
70050.000000,324.436228
70100.000000,324.230324
70150.000000,324.024268
70200.000000,323.818062
70250.000000,323.611704
70300.000000,323.405190
70350.000000,323.198511
70400.000000,322.991658
70450.000000,322.784617
70500.000000,322.577369
70550.000000,322.369895
70600.000000,322.162170
70650.000000,321.954163
70700.000000,321.745843
70750.000000,321.537171
70800.000000,321.328106
70850.000000,321.118602
70900.000000,320.908608
70950.000000,320.698068
71000.000000,320.486924
71050.000000,320.275110
71100.000000,320.062558
71150.000000,319.849195
71200.000000,319.634944
71250.000000,319.419724
71300.000000,319.203448
71350.000000,318.986029
71400.000000,318.767373
71450.000000,318.547385
71500.000000,318.325968
71550.000000,318.103020
71600.000000,317.878440
71650.000000,317.652123
71700.000000,317.423965
71750.000000,317.193861
71800.000000,316.961708
71850.000000,316.727402
71900.000000,316.490842
71950.000000,316.251931
72000.000000,316.010575
72050.000000,315.766683
72100.000000,315.520173
72150.000000,315.270966
72200.000000,315.018995
72250.000000,314.764198
72300.000000,314.506526
72350.000000,314.245938
72400.000000,313.982407
72450.000000,313.715920
72500.000000,313.446475
72550.000000,313.174087
72600.000000,312.898788
72650.000000,312.620624
72700.000000,312.339661
72750.000000,312.055980
72800.000000,311.769684
72850.000000,311.480892
72900.000000,311.189742
72950.000000,310.896394
73000.000000,310.601024
73050.000000,310.303825
73100.000000,310.005013
73150.000000,309.704816
73200.000000,309.403482
73250.000000,309.101272
73300.000000,308.798463
73350.000000,308.495344
73400.000000,308.192215
73450.000000,307.889386
73500.000000,307.587174
73550.000000,307.285903
73600.000000,306.985901
73650.000000,306.687497
73700.000000,306.391021
73750.000000,306.096801
73800.000000,305.805159
73850.000000,305.516414
73900.000000,305.230874
73950.000000,304.948839
74000.000000,304.670597
74050.000000,304.396423
74100.000000,304.126577
74150.000000,303.861303
74200.000000,303.600830
74250.000000,303.345366
74300.000000,303.095104
74350.000000,302.850215
74400.000000,302.610854
74450.000000,302.377153
74500.000000,302.149229
74550.000000,301.927176
74600.000000,301.711073
74650.000000,301.500979
74700.000000,301.296937
74750.000000,301.098974
74800.000000,300.907101
74850.000000,300.721315
74900.000000,300.541601
74950.000000,300.367931
75000.000000,300.200266
75050.000000,300.038557
75100.000000,299.882746
75150.000000,299.732768
75200.000000,299.588549
75250.000000,299.450011
75300.000000,299.317067
75350.000000,299.189626
75400.000000,299.067592
75450.000000,298.950863
75500.000000,298.839334
75550.000000,298.732891
75600.000000,298.631418
75650.000000,298.534792
75700.000000,298.442883
75750.000000,298.355555
75800.000000,298.272664
75850.000000,298.194058
75900.000000,298.119576
75950.000000,298.049048
76000.000000,297.982294
76050.000000,297.919122
76100.000000,297.859331
76150.000000,297.802705
76200.000000,297.749021
76250.000000,297.698039
76300.000000,297.649512
76350.000000,297.603178
76400.000000,297.558765
76450.000000,297.515992
76500.000000,297.474567
76550.000000,297.434191
76600.000000,297.394556
76650.000000,297.355350
76700.000000,297.316258
76750.000000,297.276961
76800.000000,297.237142
76850.000000,297.196483
76900.000000,297.154675
76950.000000,297.111411
77000.000000,297.066396
77050.000000,297.019344
77100.000000,296.969985
77150.000000,296.918062
77200.000000,296.863336
77250.000000,296.805590
77300.000000,296.744625
77350.000000,296.680268
77400.000000,296.612368
77450.000000,296.540801
77500.000000,296.465469
77550.000000,296.386300
77600.000000,296.303250
77650.000000,296.216303
77700.000000,296.125470
77750.000000,296.030787
77800.000000,295.932318
77850.000000,295.830148
77900.000000,295.724391
77950.000000,295.615177
78000.000000,295.502660
78050.000000,295.387012
78100.000000,295.268418
78150.000000,295.147081
78200.000000,295.023212
78250.000000,294.897036
78300.000000,294.768779
78350.000000,294.638678
78400.000000,294.506968
78450.000000,294.373886
78500.000000,294.239668
78550.000000,294.104543
78600.000000,293.968737
78650.000000,293.832469
78700.000000,293.695947
78750.000000,293.559369
78800.000000,293.422923
78850.000000,293.286784
78900.000000,293.151112
78950.000000,293.016057
79000.000000,292.881751
79050.000000,292.748315
79100.000000,292.615855
79150.000000,292.484463
79200.000000,292.354216
79250.000000,292.225179
79300.000000,292.097407
79350.000000,291.970938
79400.000000,291.845803
79450.000000,291.722021
79500.000000,291.599602
79550.000000,291.478547
79600.000000,291.358850
79650.000000,291.240497
79700.000000,291.123470
79750.000000,291.007743
79800.000000,290.893287
79850.000000,290.780067
79900.000000,290.668048
79950.000000,290.557189
80000.000000,290.447447
80050.000000,290.338777
80100.000000,290.231131
80150.000000,290.124460
80200.000000,290.018712
80250.000000,289.913832
80300.000000,289.809765
80350.000000,289.706452
80400.000000,289.603831
80450.000000,289.501838
80500.000000,289.400406
80550.000000,289.299463
80600.000000,289.198935
80650.000000,289.098744
80700.000000,288.998807
80750.000000,288.899038
80800.000000,288.799345
80850.000000,288.699635
80900.000000,288.599808
80950.000000,288.499763
81000.000000,288.399391
81050.000000,288.298586
81100.000000,288.197235
81150.000000,288.095225
81200.000000,287.992442
81250.000000,287.888771
81300.000000,287.784100
81350.000000,287.678316
81400.000000,287.571311
81450.000000,287.462981
81500.000000,287.353226
81550.000000,287.241955
81600.000000,287.129083
81650.000000,287.014535
81700.000000,286.898247
81750.000000,286.780167
81800.000000,286.660253
81850.000000,286.538480
81900.000000,286.414837
81950.000000,286.289326
82000.000000,286.161968
82050.000000,286.032800
82100.000000,285.901875
82150.000000,285.769262
82200.000000,285.635050
82250.000000,285.499341
82300.000000,285.362255
82350.000000,285.223928
82400.000000,285.084509
82450.000000,284.944161
82500.000000,284.803060
82550.000000,284.661392
82600.000000,284.519354
82650.000000,284.377148
82700.000000,284.234985
82750.000000,284.093078
82800.000000,283.951643
82850.000000,283.810897
82900.000000,283.671054
82950.000000,283.532327
83000.000000,283.394920
83050.000000,283.259032
83100.000000,283.124853
83150.000000,282.992562
83200.000000,282.862326
83250.000000,282.734296
83300.000000,282.608612
83350.000000,282.485395
83400.000000,282.364749
83450.000000,282.246763
83500.000000,282.131504
83550.000000,282.019022
83600.000000,281.909350
83650.000000,281.802498
83700.000000,281.698461
83750.000000,281.597213
83800.000000,281.498711
83850.000000,281.402894
83900.000000,281.309686
83950.000000,281.218995
84000.000000,281.130712
84050.000000,281.044718
84100.000000,280.960881
84150.000000,280.879056
84200.000000,280.799091
84250.000000,280.720826
84300.000000,280.644093
84350.000000,280.568719
84400.000000,280.494530
84450.000000,280.421346
84500.000000,280.348990
84550.000000,280.277283
84600.000000,280.206051
84650.000000,280.135122
84700.000000,280.064327
84750.000000,279.993507
84800.000000,279.922507
84850.000000,279.851181
84900.000000,279.779392
84950.000000,279.707014
85000.000000,279.633930
85050.000000,279.560035
85100.000000,279.485234
85150.000000,279.409447
85200.000000,279.332602
85250.000000,279.254644
85300.000000,279.175527
85350.000000,279.095217
85400.000000,279.013693
85450.000000,278.930945
85500.000000,278.846975
85550.000000,278.761792
85600.000000,278.675419
85650.000000,278.587884
85700.000000,278.499226
85750.000000,278.409487
85800.000000,278.318720
85850.000000,278.226978
85900.000000,278.134320
85950.000000,278.040810
86000.000000,277.946509
86050.000000,277.851481
86100.000000,277.755791
86150.000000,277.659498
86200.000000,277.562663
86250.000000,277.465339
86300.000000,277.367579
86350.000000,277.269427
86400.000000,277.170924
86450.000000,277.072102
86500.000000,276.972987
86550.000000,276.873598
86600.000000,276.773947
86650.000000,276.674036
86700.000000,276.573862
86750.000000,276.473411
86800.000000,276.372666
86850.000000,276.271599
86900.000000,276.170178
86950.000000,276.068364
87000.000000,275.966111
87050.000000,275.863372
87100.000000,275.760092
87150.000000,275.656216
87200.000000,275.551686
87250.000000,275.446443
87300.000000,275.340426
87350.000000,275.233578
87400.000000,275.125841
87450.000000,275.017160
87500.000000,274.907486
87550.000000,274.796771
87600.000000,274.684975
87650.000000,274.572062
87700.000000,274.458006
87750.000000,274.342785
87800.000000,274.226387
87850.000000,274.108807
87900.000000,273.990052
87950.000000,273.870135
88000.000000,273.749080
88050.000000,273.626920
88100.000000,273.503698
88150.000000,273.379467
88200.000000,273.254287
88250.000000,273.128230
88300.000000,273.001376
88350.000000,272.873812
88400.000000,272.745633
88450.000000,272.616944
88500.000000,272.487854
88550.000000,272.358478
88600.000000,272.228937
88650.000000,272.099357
88700.000000,271.969868
88750.000000,271.840600
88800.000000,271.711689
88850.000000,271.583268
88900.000000,271.455475
88950.000000,271.328442
89000.000000,271.202303
89050.000000,271.077190
89100.000000,270.953228
89150.000000,270.830542
89200.000000,270.709248
89250.000000,270.589461
89300.000000,270.471286
89350.000000,270.354822
89400.000000,270.240160
89450.000000,270.127383
89500.000000,270.016566
89550.000000,269.907773
89600.000000,269.801060
89650.000000,269.696472
89700.000000,269.594046
89750.000000,269.493806
89800.000000,269.395768
89850.000000,269.299936
89900.000000,269.206306
89950.000000,269.114863
90000.000000,269.025582
90050.000000,268.938429
90100.000000,268.853361
90150.000000,268.770328
90200.000000,268.689270
90250.000000,268.610122
90300.000000,268.532809
90350.000000,268.457254
90400.000000,268.383371
90450.000000,268.311072
90500.000000,268.240265
90550.000000,268.170853
90600.000000,268.102739
90650.000000,268.035823
90700.000000,267.970003
90750.000000,267.905180
90800.000000,267.841254
90850.000000,267.778124
90900.000000,267.715694
90950.000000,267.653869
91000.000000,267.592556
91050.000000,267.531666
91100.000000,267.471113
91150.000000,267.410816
91200.000000,267.350698
91250.000000,267.290685
91300.000000,267.230708
91350.000000,267.170705
91400.000000,267.110615
91450.000000,267.050385
91500.000000,266.989964
91550.000000,266.929307
91600.000000,266.868374
91650.000000,266.807128
91700.000000,266.745537
91750.000000,266.683573
91800.000000,266.621212
91850.000000,266.558433
91900.000000,266.495219
91950.000000,266.431555
92000.000000,266.367430
92050.000000,266.302836
92100.000000,266.237767
92150.000000,266.172219
92200.000000,266.106191
92250.000000,266.039684
92300.000000,265.972700
92350.000000,265.905242
92400.000000,265.837317
92450.000000,265.768930
92500.000000,265.700091
92550.000000,265.630806
92600.000000,265.561087
92650.000000,265.490944
92700.000000,265.420388
92750.000000,265.349429
92800.000000,265.278080
92850.000000,265.206351
92900.000000,265.134256
92950.000000,265.061804
93000.000000,264.989007
93050.000000,264.915874
93100.000000,264.842416
93150.000000,264.768641
93200.000000,264.694557
93250.000000,264.620169
93300.000000,264.545483
93350.000000,264.470502
93400.000000,264.395228
93450.000000,264.319661
93500.000000,264.243799
93550.000000,264.167638
93600.000000,264.091174
93650.000000,264.014400
93700.000000,263.937305
93750.000000,263.859880
93800.000000,263.782112
93850.000000,263.703987
93900.000000,263.625489
93950.000000,263.546603
94000.000000,263.467311
94050.000000,263.387593
94100.000000,263.307432
94150.000000,263.226807
94200.000000,263.145700
94250.000000,263.064090
94300.000000,262.981958
94350.000000,262.899286
94400.000000,262.816056
94450.000000,262.732252
94500.000000,262.647858
94550.000000,262.562860
94600.000000,262.477246
94650.000000,262.391004
94700.000000,262.304127
94750.000000,262.216606
94800.000000,262.128436
94850.000000,262.039614
94900.000000,261.950138
94950.000000,261.860007
95000.000000,261.769225
95050.000000,261.677792
95100.000000,261.585714
95150.000000,261.492996
95200.000000,261.399644
95250.000000,261.305665
95300.000000,261.211065
95350.000000,261.115852
95400.000000,261.020032
95450.000000,260.923613
95500.000000,260.826600
95550.000000,260.728998
95600.000000,260.630810
95650.000000,260.532041
95700.000000,260.432689
95750.000000,260.332755
95800.000000,260.232237
95850.000000,260.131129
95900.000000,260.029425
95950.000000,259.927118
96000.000000,259.824196
96050.000000,259.720649
96100.000000,259.616461
96150.000000,259.511618
96200.000000,259.406103
96250.000000,259.299896
96300.000000,259.192978
96350.000000,259.085329
96400.000000,258.976928
96450.000000,258.867753
96500.000000,258.757782
96550.000000,258.646994
96600.000000,258.535368
96650.000000,258.422884
96700.000000,258.309522
96750.000000,258.195265
96800.000000,258.080097
96850.000000,257.964002
96900.000000,257.846970
96950.000000,257.728988
97000.000000,257.610051
97050.000000,257.490152
97100.000000,257.369290
97150.000000,257.247465
97200.000000,257.124681
97250.000000,257.000943
97300.000000,256.876261
97350.000000,256.750647
97400.000000,256.624117
97450.000000,256.496688
97500.000000,256.368381
97550.000000,256.239219
97600.000000,256.109228
97650.000000,255.978437
97700.000000,255.846874
97750.000000,255.714574
97800.000000,255.581569
97850.000000,255.447897
97900.000000,255.313594
97950.000000,255.178700
98000.000000,255.043254
98050.000000,254.907299
98100.000000,254.770876
98150.000000,254.634027
98200.000000,254.496798
98250.000000,254.359231
98300.000000,254.221372
98350.000000,254.083266
98400.000000,253.944957
98450.000000,253.806491
98500.000000,253.667914
98550.000000,253.529270
98600.000000,253.390607
98650.000000,253.251968
98700.000000,253.113400
98750.000000,252.974948
98800.000000,252.836656
98850.000000,252.698570
98900.000000,252.560734
98950.000000,252.423192
99000.000000,252.285987
99050.000000,252.149164
99100.000000,252.012764
99150.000000,251.876829
99200.000000,251.741401
99250.000000,251.606519
99300.000000,251.472224
99350.000000,251.338554
99400.000000,251.205546
99450.000000,251.073235
99500.000000,250.941657
99550.000000,250.810845
99600.000000,250.680830
99650.000000,250.551643
99700.000000,250.423312
99750.000000,250.295864
99800.000000,250.169324
99850.000000,250.043714
99900.000000,249.919057
99950.000000,249.795371
100000.000000,249.672676
100050.000000,249.550985
100100.000000,249.430315
100150.000000,249.310678
100200.000000,249.192086
100250.000000,249.074547
100300.000000,248.958072
100350.000000,248.842667
100400.000000,248.728340
100450.000000,248.615096
100500.000000,248.502942
100550.000000,248.391881
100600.000000,248.281918
100650.000000,248.173058
100700.000000,248.065305
100750.000000,247.958663
100800.000000,247.853137
100850.000000,247.748733
100900.000000,247.645454
100950.000000,247.543308
101000.000000,247.442299
101050.000000,247.342435
101100.000000,247.243722
101150.000000,247.146166
101200.000000,247.049776
101250.000000,246.954558
101300.000000,246.860519
101350.000000,246.767667
101400.000000,246.676007
101450.000000,246.585546
101500.000000,246.496289
101550.000000,246.408239
101600.000000,246.321399
101650.000000,246.235771
101700.000000,246.151353
101750.000000,246.068145
101800.000000,245.986141
101850.000000,245.905335
101900.000000,245.825718
101950.000000,245.747278
102000.000000,245.670003
102050.000000,245.593874
102100.000000,245.518875
102150.000000,245.444981
102200.000000,245.372170
102250.000000,245.300415
102300.000000,245.229685
102350.000000,245.159951
102400.000000,245.091178
102450.000000,245.023331
102500.000000,244.956374
102550.000000,244.890267
102600.000000,244.824971
102650.000000,244.760447
102700.000000,244.696652
102750.000000,244.633547
102800.000000,244.571090
102850.000000,244.509241
102900.000000,244.447960
102950.000000,244.387207
103000.000000,244.326946
103050.000000,244.267141
103100.000000,244.207756
103150.000000,244.148760
103200.000000,244.090123
103250.000000,244.031817
103300.000000,243.973816
103350.000000,243.916099
103400.000000,243.858644
103450.000000,243.801435
103500.000000,243.744458
103550.000000,243.687700
103600.000000,243.631154
103650.000000,243.574812
103700.000000,243.518670
103750.000000,243.462729
103800.000000,243.406988
103850.000000,243.351452
103900.000000,243.296127
103950.000000,243.241018
104000.000000,243.186137
104050.000000,243.131494
104100.000000,243.077101
104150.000000,243.022973
104200.000000,242.969124
104250.000000,242.915570
104300.000000,242.862329
104350.000000,242.809417
104400.000000,242.756854
104450.000000,242.704657
104500.000000,242.652846
104550.000000,242.601440
104600.000000,242.550459
104650.000000,242.499924
104700.000000,242.449853
104750.000000,242.400267
104800.000000,242.351186
104850.000000,242.302631
104900.000000,242.254620
104950.000000,242.207175
105000.000000,242.160315
105050.000000,242.114060
105100.000000,242.068429
105150.000000,242.023442
105200.000000,241.979118
105250.000000,241.935476
105300.000000,241.892534
105350.000000,241.850312
105400.000000,241.808826
105450.000000,241.768094
105500.000000,241.728131
105550.000000,241.688955
105600.000000,241.650580
105650.000000,241.613019
105700.000000,241.576286
105750.000000,241.540392
105800.000000,241.505347
105850.000000,241.471160
105900.000000,241.437837
105950.000000,241.405385
106000.000000,241.373806
106050.000000,241.343101
106100.000000,241.313268
106150.000000,241.284306
106200.000000,241.256207
106250.000000,241.228963
106300.000000,241.202563
106350.000000,241.176994
106400.000000,241.152239
106450.000000,241.128278
106500.000000,241.105090
106550.000000,241.082651
106600.000000,241.060933
106650.000000,241.039906
106700.000000,241.019538
106750.000000,240.999795
106800.000000,240.980640
106850.000000,240.962035
106900.000000,240.943938
106950.000000,240.926310
107000.000000,240.909106
107050.000000,240.892283
107100.000000,240.875796
107150.000000,240.859601
107200.000000,240.843653
107250.000000,240.827907
107300.000000,240.812321
107350.000000,240.796852
107400.000000,240.781459
107450.000000,240.766104
107500.000000,240.750749
107550.000000,240.735361
107600.000000,240.719907
107650.000000,240.704361
107700.000000,240.688697
107750.000000,240.672894
107800.000000,240.656935
107850.000000,240.640806
107900.000000,240.624499
107950.000000,240.608008
108000.000000,240.591333
108050.000000,240.574477
108100.000000,240.557447
108150.000000,240.540257
108200.000000,240.522920
108250.000000,240.505457
108300.000000,240.487890
108350.000000,240.470245
108400.000000,240.452550
108450.000000,240.434838
108500.000000,240.417142
108550.000000,240.399496
108600.000000,240.381938
108650.000000,240.364505
108700.000000,240.347235
108750.000000,240.330167
108800.000000,240.313338
108850.000000,240.296785
108900.000000,240.280545
108950.000000,240.264652
109000.000000,240.249139
109050.000000,240.234037
109100.000000,240.219374
109150.000000,240.205176
109200.000000,240.191467
109250.000000,240.178265
109300.000000,240.165589
109350.000000,240.153452
109400.000000,240.141865
109450.000000,240.130835
109500.000000,240.120369
109550.000000,240.110466
109600.000000,240.101127
109650.000000,240.092348
109700.000000,240.084122
109750.000000,240.076442
109800.000000,240.069297
109850.000000,240.062676
109900.000000,240.056566
109950.000000,240.050952
110000.000000,240.045819
110050.000000,240.041152
110100.000000,240.036936
110150.000000,240.033154
110200.000000,240.029793
110250.000000,240.026837
110300.000000,240.024274
110350.000000,240.022091
110400.000000,240.020277
110450.000000,240.018825
110500.000000,240.017726
110550.000000,240.016975
110600.000000,240.016571
110650.000000,240.016510
110700.000000,240.016796
110750.000000,240.017432
110800.000000,240.018423
110850.000000,240.019778
110900.000000,240.021507
110950.000000,240.023623
111000.000000,240.026140
111050.000000,240.029074
111100.000000,240.032442
111150.000000,240.036264
111200.000000,240.040560
111250.000000,240.045350
111300.000000,240.050657
111350.000000,240.056500
111400.000000,240.062903
111450.000000,240.069885
111500.000000,240.077467
111550.000000,240.085667
111600.000000,240.094503
111650.000000,240.103989
111700.000000,240.114139
111750.000000,240.124962
111800.000000,240.136466
111850.000000,240.148655
111900.000000,240.161528
111950.000000,240.175082
112000.000000,240.189309
112050.000000,240.204196
112100.000000,240.219727
112150.000000,240.235880
112200.000000,240.252628
112250.000000,240.269942
112300.000000,240.287785
112350.000000,240.306116
112400.000000,240.324891
112450.000000,240.344060
112500.000000,240.363570
112550.000000,240.383363
112600.000000,240.403376
112650.000000,240.423547
112700.000000,240.443806
112750.000000,240.464083
112800.000000,240.484305
112850.000000,240.504399
112900.000000,240.524287
112950.000000,240.543894
113000.000000,240.563142
113050.000000,240.581954
113100.000000,240.600254
113150.000000,240.617967
113200.000000,240.635019
113250.000000,240.651340
113300.000000,240.666858
113350.000000,240.681510
113400.000000,240.695232
113450.000000,240.707965
113500.000000,240.719654
113550.000000,240.730250
113600.000000,240.739705
113650.000000,240.747981
113700.000000,240.755041
113750.000000,240.760856
113800.000000,240.765401
113850.000000,240.768657
113900.000000,240.770612
113950.000000,240.771258
114000.000000,240.770595
114050.000000,240.768626
114100.000000,240.765363
114150.000000,240.760822
114200.000000,240.755024
114250.000000,240.747996
114300.000000,240.739772
114350.000000,240.730387
114400.000000,240.719886
114450.000000,240.708314
114500.000000,240.695723
114550.000000,240.682169
114600.000000,240.667709
114650.000000,240.652406
114700.000000,240.636325
114750.000000,240.619533
114800.000000,240.602100
114850.000000,240.584097
114900.000000,240.565597
114950.000000,240.546673
115000.000000,240.527398
115050.000000,240.507847
115100.000000,240.488092
115150.000000,240.468206
115200.000000,240.448260
115250.000000,240.428322
115300.000000,240.408461
115350.000000,240.388739
115400.000000,240.369220
115450.000000,240.349961
115500.000000,240.331017
115550.000000,240.312440
115600.000000,240.294277
115650.000000,240.276571
115700.000000,240.259362
115750.000000,240.242682
115800.000000,240.226563
115850.000000,240.211029
115900.000000,240.196102
115950.000000,240.181797
116000.000000,240.168127
116050.000000,240.155098
116100.000000,240.142713
116150.000000,240.130971
116200.000000,240.119866
116250.000000,240.109391
116300.000000,240.099531
116350.000000,240.090270
116400.000000,240.081590
116450.000000,240.073467
116500.000000,240.065876
116550.000000,240.058789
116600.000000,240.052176
116650.000000,240.046004
116700.000000,240.040239
116750.000000,240.034845
116800.000000,240.029783
116850.000000,240.025014
116900.000000,240.020497
116950.000000,240.016190
117000.000000,240.012049
117050.000000,240.008031
117100.000000,240.004090
117150.000000,240.000179
117200.000000,239.996251
117250.000000,239.992259
117300.000000,239.988154
117350.000000,239.983884
117400.000000,239.979402
117450.000000,239.974653
117500.000000,239.969588
117550.000000,239.964153
117600.000000,239.958294
117650.000000,239.951957
117700.000000,239.945088
117750.000000,239.937631
117800.000000,239.929530
117850.000000,239.920729
117900.000000,239.911172
117950.000000,239.900802
118000.000000,239.889563
118050.000000,239.877397
118100.000000,239.864248
118150.000000,239.850062
118200.000000,239.834782
118250.000000,239.818356
118300.000000,239.800729
118350.000000,239.781852
118400.000000,239.761675
118450.000000,239.740149
118500.000000,239.717230
118550.000000,239.692874
118600.000000,239.667043
118650.000000,239.639700
118700.000000,239.610811
118750.000000,239.580347
118800.000000,239.548282
118850.000000,239.514596
118900.000000,239.479272
118950.000000,239.442298
119000.000000,239.403669
119050.000000,239.363383
119100.000000,239.321444
119150.000000,239.277863
119200.000000,239.232657
119250.000000,239.185847
119300.000000,239.137463
119350.000000,239.087540
119400.000000,239.036120
119450.000000,238.983251
119500.000000,238.928988
119550.000000,238.873393
119600.000000,238.816534
119650.000000,238.758488
119700.000000,238.699334
119750.000000,238.639162
119800.000000,238.578065
119850.000000,238.516144
119900.000000,238.453505
119950.000000,238.390259
120000.000000,238.326524
120050.000000,238.262419
120100.000000,238.198072
120150.000000,238.133612
120200.000000,238.069172
120250.000000,238.004887
120300.000000,237.940895
120350.000000,237.877336
120400.000000,237.814349
120450.000000,237.752075
120500.000000,237.690654
120550.000000,237.630222
120600.000000,237.570917
120650.000000,237.512871
120700.000000,237.456213
120750.000000,237.401067
120800.000000,237.347552
120850.000000,237.295782
120900.000000,237.245860
120950.000000,237.197887
121000.000000,237.151952
121050.000000,237.108135
121100.000000,237.066508
121150.000000,237.027133
121200.000000,236.990060
121250.000000,236.955331
121300.000000,236.922975
121350.000000,236.893010
121400.000000,236.865444
121450.000000,236.840272
121500.000000,236.817481
121550.000000,236.797043
121600.000000,236.778923
121650.000000,236.763074
121700.000000,236.749440
121750.000000,236.737957
121800.000000,236.728550
121850.000000,236.721137
121900.000000,236.715631
121950.000000,236.711935
122000.000000,236.709951
122050.000000,236.709572
122100.000000,236.710690
122150.000000,236.713192
122200.000000,236.716967
122250.000000,236.721897
122300.000000,236.727869
122350.000000,236.734768
122400.000000,236.742479
122450.000000,236.750892
122500.000000,236.759898
122550.000000,236.769391
122600.000000,236.779269
122650.000000,236.789434
122700.000000,236.799794
122750.000000,236.810260
122800.000000,236.820749
122850.000000,236.831183
122900.000000,236.841490
122950.000000,236.851604
123000.000000,236.861462
123050.000000,236.871009
123100.000000,236.880193
123150.000000,236.888967
123200.000000,236.897291
123250.000000,236.905127
123300.000000,236.912441
123350.000000,236.919204
123400.000000,236.925388
123450.000000,236.930971
123500.000000,236.935930
123550.000000,236.940247
123600.000000,236.943904
123650.000000,236.946885
123700.000000,236.949173
123750.000000,236.950756
123800.000000,236.951618
123850.000000,236.951745
123900.000000,236.951122
123950.000000,236.949735
124000.000000,236.947570
124050.000000,236.944609
124100.000000,236.940837
124150.000000,236.936236
124200.000000,236.930790
124250.000000,236.924478
124300.000000,236.917284
124350.000000,236.909186
124400.000000,236.900167
124450.000000,236.890204
124500.000000,236.879280
124550.000000,236.867374
124600.000000,236.854467
124650.000000,236.840540
124700.000000,236.825576
124750.000000,236.809558
124800.000000,236.792471
124850.000000,236.774300
124900.000000,236.755032
124950.000000,236.734658
125000.000000,236.713169
125050.000000,236.690558
125100.000000,236.666819
125150.000000,236.641952
125200.000000,236.615956
125250.000000,236.588834
125300.000000,236.560589
125350.000000,236.531228
125400.000000,236.500761
125450.000000,236.469198
125500.000000,236.436552
125550.000000,236.402838
125600.000000,236.368072
125650.000000,236.332270
125700.000000,236.295452
125750.000000,236.257636
125800.000000,236.218844
125850.000000,236.179094
125900.000000,236.138408
125950.000000,236.096805
126000.000000,236.054306
126050.000000,236.010929
126100.000000,235.966691
126150.000000,235.921610
126200.000000,235.875700
126250.000000,235.828975
126300.000000,235.781446
126350.000000,235.733122
126400.000000,235.684010
126450.000000,235.634115
126500.000000,235.583439
126550.000000,235.531982
126600.000000,235.479741
126650.000000,235.426713
126700.000000,235.372889
126750.000000,235.318262
126800.000000,235.262820
126850.000000,235.206550
126900.000000,235.149439
126950.000000,235.091473
127000.000000,235.032635
127050.000000,234.972911
127100.000000,234.912285
127150.000000,234.850742
127200.000000,234.788269
127250.000000,234.724854
127300.000000,234.660487
127350.000000,234.595162
127400.000000,234.528875
127450.000000,234.461626
127500.000000,234.393420
127550.000000,234.324265
127600.000000,234.254177
127650.000000,234.183176
127700.000000,234.111287
127750.000000,234.038543
127800.000000,233.964983
127850.000000,233.890654
127900.000000,233.815608
127950.000000,233.739905
128000.000000,233.663613
128050.000000,233.586805
128100.000000,233.509563
128150.000000,233.431973
128200.000000,233.354130
128250.000000,233.276134
128300.000000,233.198088
128350.000000,233.120103
128400.000000,233.042292
128450.000000,232.964774
128500.000000,232.887667
128550.000000,232.811095
128600.000000,232.735180
128650.000000,232.660045
128700.000000,232.585815
128750.000000,232.512609
128800.000000,232.440549
128850.000000,232.369748
128900.000000,232.300320
128950.000000,232.232370
129000.000000,232.166002
129050.000000,232.101309
129100.000000,232.038380
129150.000000,231.977296
129200.000000,231.918128
129250.000000,231.860940
129300.000000,231.805789
129350.000000,231.752718
129400.000000,231.701766
129450.000000,231.652959
129500.000000,231.606315
129550.000000,231.561843
129600.000000,231.519541
129650.000000,231.479400
129700.000000,231.441403
129750.000000,231.405523
129800.000000,231.371726
129850.000000,231.339971
129900.000000,231.310210
129950.000000,231.282391
130000.000000,231.256453
130050.000000,231.232334
130100.000000,231.209964
130150.000000,231.189274
130200.000000,231.170189
130250.000000,231.152633
130300.000000,231.136528
130350.000000,231.121797
130400.000000,231.108360
130450.000000,231.096140
130500.000000,231.085058
130550.000000,231.075039
130600.000000,231.066008
130650.000000,231.057892
130700.000000,231.050622
130750.000000,231.044128
130800.000000,231.038348
130850.000000,231.033219
130900.000000,231.028683
130950.000000,231.024684
131000.000000,231.021172
131050.000000,231.018096
131100.000000,231.015414
131150.000000,231.013082
131200.000000,231.011062
131250.000000,231.009319
131300.000000,231.007820
131350.000000,231.006537
131400.000000,231.005443
131450.000000,231.004513
131500.000000,231.003726
131550.000000,231.003063
131600.000000,231.002507
131650.000000,231.002043
131700.000000,231.001656
131750.000000,231.001337
131800.000000,231.001073
131850.000000,231.000858
131900.000000,231.000681
131950.000000,231.000539
132000.000000,231.000423
132050.000000,231.000331
132100.000000,231.000257
132150.000000,231.000198
132200.000000,231.000152
132250.000000,231.000116
132300.000000,231.000087
132350.000000,231.000066
132400.000000,231.000049
132450.000000,231.000036
132500.000000,231.000026
132550.000000,231.000019
132600.000000,231.000014
132650.000000,231.000010
132700.000000,231.000007
132750.000000,231.000005
132800.000000,231.000003
132850.000000,231.000002
132900.000000,231.000001
132950.000000,231.000001
133000.000000,231.000001
133050.000000,231.000000
133100.000000,231.000000
133150.000000,231.000000
133200.000000,231.000000
133250.000000,231.000000
133300.000000,231.000000
133350.000000,231.000000
133400.000000,231.000000
133450.000000,231.000000
133500.000000,231.000000
133550.000000,231.000000
133600.000000,231.000000
133650.000000,231.000000
133700.000000,231.000000
133750.000000,231.000000
133800.000000,231.000000
133850.000000,231.000000
133900.000000,231.000000
133950.000000,231.000000
134000.000000,231.000000
134050.000000,231.000000
134100.000000,231.000000
134150.000000,231.000000
134200.000000,231.000000
134250.000000,231.000000
134300.000000,231.000000
134350.000000,231.000000
134400.000000,231.000000
134450.000000,231.000000
134500.000000,231.000000
134550.000000,231.000000
134600.000000,231.000000
134650.000000,231.000000
134700.000000,231.000000
134750.000000,231.000000
134800.000000,231.000000
134850.000000,231.000000
134900.000000,231.000000
134950.000000,231.000000
135000.000000,231.000000
135050.000000,231.000000
135100.000000,231.000000
135150.000000,231.000000
135200.000000,231.000000
135250.000000,231.000000
135300.000000,231.000000
135350.000000,231.000000
135400.000000,231.000000
135450.000000,231.000000
135500.000000,231.000000
135550.000000,231.000000
135600.000000,231.000000
135650.000000,231.000000
135700.000000,231.000000
135750.000000,231.000000
135800.000000,231.000000
135850.000000,231.000000
135900.000000,231.000000
135950.000000,231.000000
136000.000000,231.000000
136050.000000,231.000000
136100.000000,231.000000
136150.000000,231.000000
136200.000000,231.000000
136250.000000,231.000000
136300.000000,231.000000
136350.000000,231.000000
136400.000000,231.000000
136450.000000,231.000000
136500.000000,231.000000
136550.000000,231.000000
136600.000000,231.000000
136650.000000,231.000000
136700.000000,231.000000
136750.000000,231.000000
136800.000000,231.000000
136850.000000,231.000000
136900.000000,231.000000
136950.000000,231.000000
137000.000000,231.000000
137050.000000,231.000000
137100.000000,231.000000
137150.000000,231.000000
137200.000000,231.000000
137250.000000,231.000000
137300.000000,231.000000
137350.000000,231.000000
137400.000000,231.000000
137450.000000,231.000000
137500.000000,231.000000
137550.000000,231.000000
137600.000000,231.000000
137650.000000,231.000000
137700.000000,231.000000
137750.000000,231.000000
137800.000000,231.000000
137850.000000,231.000000
137900.000000,231.000000
137950.000000,231.000000
138000.000000,231.000000
138050.000000,231.000000
138100.000000,231.000000
138150.000000,231.000000
138200.000000,231.000000
138250.000000,231.000000
138300.000000,231.000000
138350.000000,231.000000
138400.000000,231.000000
138450.000000,231.000000
138500.000000,231.000000
138550.000000,231.000000
138600.000000,231.000000
138650.000000,231.000000
138700.000000,231.000000
138750.000000,231.000000
138800.000000,231.000000
138850.000000,231.000000
138900.000000,231.000000
138950.000000,231.000000
139000.000000,231.000000
139050.000000,231.000000
139100.000000,231.000000
139150.000000,231.000000
139200.000000,231.000000
139250.000000,231.000000
139300.000000,231.000000
139350.000000,231.000000
139400.000000,231.000000
139450.000000,231.000000
139500.000000,231.000000
139550.000000,231.000000
139600.000000,231.000000
139650.000000,231.000000
139700.000000,231.000000
139750.000000,231.000000
139800.000000,231.000000
139850.000000,231.000000
139900.000000,231.000000
139950.000000,231.000000
140000.000000,231.000000
140050.000000,231.000000
140100.000000,231.000000
140150.000000,231.000000
140200.000000,231.000000
140250.000000,231.000000
140300.000000,231.000000
140350.000000,231.000000
140400.000000,231.000000
140450.000000,231.000000
140500.000000,231.000000
140550.000000,231.000000
140600.000000,231.000000
140650.000000,231.000000
140700.000000,231.000000
140750.000000,231.000000
140800.000000,231.000000
140850.000000,231.000000
140900.000000,231.000000
140950.000000,231.000000
141000.000000,231.000000
141050.000000,231.000000
141100.000000,231.000000
141150.000000,231.000000
141200.000000,231.000000
141250.000000,231.000000
141300.000000,231.000000
141350.000000,231.000000
141400.000000,231.000000
141450.000000,231.000000
141500.000000,231.000000
141550.000000,231.000000
141600.000000,231.000000
141650.000000,231.000000
141700.000000,231.000000
141750.000000,231.000000
141800.000000,231.000000
141850.000000,231.000000
141900.000000,231.000000
141950.000000,231.000000
142000.000000,231.000000
142050.000000,231.000000
142100.000000,231.000000
142150.000000,231.000000
142200.000000,231.000000
142250.000000,231.000000
142300.000000,231.000000
142350.000000,231.000000
142400.000000,231.000000
142450.000000,231.000000
142500.000000,231.000000
142550.000000,231.000000
142600.000000,231.000000
142650.000000,231.000000
142700.000000,231.000000
142750.000000,231.000000
142800.000000,231.000000
142850.000000,231.000000
142900.000000,231.000000
142950.000000,231.000000
143000.000000,231.000000
143050.000000,231.000000
143100.000000,231.000000
143150.000000,231.000000
143200.000000,231.000000
143250.000000,231.000000
143300.000000,231.000000
143350.000000,231.000000
143400.000000,231.000000
143450.000000,231.000000
143500.000000,231.000000
143550.000000,231.000000
143600.000000,231.000000
143650.000000,231.000000
143700.000000,231.000000
143750.000000,231.000000
143800.000000,231.000000
143850.000000,231.000000
143900.000000,231.000000
143950.000000,231.000000
144000.000000,231.000000
144050.000000,231.000000
144100.000000,231.000000
144150.000000,231.000000
144200.000000,231.000000
144250.000000,231.000000
144300.000000,231.000000
144350.000000,231.000000
144400.000000,231.000000
144450.000000,231.000000
144500.000000,231.000000
144550.000000,231.000000
144600.000000,231.000000
144650.000000,231.000000
144700.000000,231.000000
144750.000000,231.000000
144800.000000,231.000000
144850.000000,231.000000
144900.000000,231.000000
144950.000000,231.000000
145000.000000,231.000000
145050.000000,231.000000
145100.000000,231.000000
145150.000000,231.000000
145200.000000,231.000000
145250.000000,231.000000
145300.000000,231.000000
145350.000000,231.000000
145400.000000,231.000000
145450.000000,231.000000
145500.000000,231.000000
145550.000000,231.000000
145600.000000,231.000000
145650.000000,231.000000
145700.000000,231.000000
145750.000000,231.000000
145800.000000,231.000000
145850.000000,231.000000
145900.000000,231.000000
145950.000000,231.000000
146000.000000,231.000000
146050.000000,231.000000
146100.000000,231.000000
146150.000000,231.000000
146200.000000,231.000000
146250.000000,231.000000
146300.000000,231.000000
146350.000000,231.000000
146400.000000,231.000000
146450.000000,231.000000
146500.000000,231.000000
146550.000000,231.000000
146600.000000,231.000000
146650.000000,231.000000
146700.000000,231.000000
146750.000000,231.000000
146800.000000,231.000000
146850.000000,231.000000
146900.000000,231.000000
146950.000000,231.000000
147000.000000,231.000000
147050.000000,231.000000
147100.000000,231.000000
147150.000000,231.000000
147200.000000,231.000000
147250.000000,231.000000
147300.000000,231.000000
147350.000000,231.000000
147400.000000,231.000000
147450.000000,231.000000
147500.000000,231.000000
147550.000000,231.000000
147600.000000,231.000000
147650.000000,231.000000
147700.000000,231.000000
147750.000000,231.000000
147800.000000,231.000000
147850.000000,231.000000
147900.000000,231.000000
147950.000000,231.000000
148000.000000,231.000000
148050.000000,231.000000
148100.000000,231.000000
148150.000000,231.000000
148200.000000,231.000000
148250.000000,231.000000
148300.000000,231.000000
148350.000000,231.000000
148400.000000,231.000000
148450.000000,231.000000
148500.000000,231.000000
148550.000000,231.000000
148600.000000,231.000000
148650.000000,231.000000
148700.000000,231.000000
148750.000000,231.000000
148800.000000,231.000000
148850.000000,231.000000
148900.000000,231.000000
148950.000000,231.000000
149000.000000,231.000000
